Barcode,Cluster
AAACAAGTATCTCCCA-1,3
AAACACCAATAACTGC-1,4
AAACAGGGTCTATATT-1,4
AAACATTTCCCGGATT-1,5
AAACCCGAACGAAATC-1,1
AAACCGGAAATGTTAA-1,7
AAACCGGGTAGGTACC-1,5
AAACCGTTCGTCCAGG-1,1
AAACCTAAGCAGCCGG-1,5
AAACCTCATGAAGTTG-1,5
AAACGAGACGGTTGAT-1,4
AAACGCTGGGCACGAC-1,7
AAACGGGCGTACGGGT-1,8
AAACGGTTGCGAACTG-1,3
AAACTCGGTTCGCAAT-1,2
AAACTCGTGATATAAG-1,1
AAACTGCTGGCTCCAA-1,1
AAACTTAATTGCACGC-1,7
AAACTTGCAAACGTAT-1,3
AAAGAATGTGGACTAA-1,2
AAAGACTGGGCGCTTT-1,3
AAAGCTTGCCTACATA-1,3
AAAGGCCCTATAATAC-1,2
AAAGGCTACGGACCAT-1,5
AAAGGCTCTCGCGCCG-1,2
AAAGGGATGTAGCAAG-1,4
AAAGGGCAGCTTGAAT-1,4
AAAGTAGCATTGCTCA-1,2
AAAGTCGACCCTCAGT-1,1
AAAGTGCCATCAATTA-1,7
AAAGTGTGATTTATCT-1,2
AAAGTTGACTCCCGTA-1,1
AAATAAGGTAGTGCCC-1,5
AAATACCTATAAGCAT-1,2
AAATAGCTTAGACTTT-1,2
AAATAGGGTGCTATTG-1,4
AAATCCGATACACGCC-1,5
AAATCGTGTACCACAA-1,2
AAATCTAGCCCTGCTA-1,1
AAATCTGCCCGCGTCC-1,6
AAATGACTGATCAAAC-1,5
AAATGATTCGATCAGC-1,1
AAATGGCATGTCTTGT-1,4
AAATGGCCCGTGCCCT-1,8
AAATGGTCAATGTGCC-1,5
AAATTAACGGGTAGCT-1,2
AAATTACCTATCGATG-1,3
AAATTCCAGGTCCAAA-1,3
AAATTGATAGTCCTTT-1,1
AAATTTGCGGGTGTGG-1,8
AACAACTGGTAGTTGC-1,5
AACAATACATTGTCGA-1,2
AACAATTACTCTACGC-1,5
AACACACGCTCGCCGC-1,2
AACACGAGACGCGGCC-1,3
AACAGCTGTGTGGCAA-1,2
AACAGGAAATCGAATA-1,4
AACAGGATGGGCCGCG-1,5
AACAGGTAGTATGGAT-1,8
AACATAGCGTGTATCG-1,8
AACATATCAACTGGTG-1,8
AACATTGAAGTTGATC-1,7
AACATTGTGACTCGAG-1,5
AACCAAGACTTCTCTG-1,1
AACCATAGGGTTGAAC-1,7
AACCCATCCCATGATC-1,4
AACCCGACAACCCGTG-1,3
AACCCGAGCAGAATCG-1,3
AACCCGCTGTATTCCA-1,5
AACCCTACTGTCAATA-1,1
AACCGAGCTTGGTCAT-1,4
AACCGCTAAGGGATGC-1,2
AACCGTTGTGTTTGCT-1,6
AACCTCGCTTTAGCCC-1,5
AACCTGTCACGGAATT-1,1
AACCTTTAAATACGGT-1,2
AACGAAAGTCGTCCCA-1,1
AACGACCTCCTAGCCG-1,7
AACGATAATGCCGTAG-1,2
AACGATAGAAGGGCCG-1,6
AACGATATGTCAACTG-1,4
AACGCATGATCTGGGT-1,1
AACGCGACCTTGGGCG-1,6
AACGCGGTCTCCAGCC-1,4
AACGCTGTTGCTGAAA-1,3
AACGGACGTACGTATA-1,3
AACGGCCATCTCCGGT-1,8
AACGTACTGTGGGTAC-1,1
AACGTCAGACTAGTGG-1,1
AACGTCGCTGCACTTC-1,7
AACGTGCGAAAGTCTC-1,4
AACGTTCTACCATTGT-1,7
AACTACCCGTTTGTCA-1,1
AACTAGGCTTGGGTGT-1,4
AACTCAAGTTAATTGC-1,1
AACTCCAGAGCGTGTT-1,5
AACTCTCAATAGAGCG-1,4
AACTCTCAGTGTGCTC-1,1
AACTGAGTTATACTGA-1,3
AACTGATATTAGGCCT-1,4
AACTGGGTCCCGACGT-1,4
AACTTGCCCGTATGCA-1,5
AACTTTCTCGATCATG-1,8
AAGAAAGTTTGATGGG-1,6
AAGACATACGTGGTTT-1,7
AAGACCAAATAACTCA-1,6
AAGACCCAACTGAACA-1,5
AAGACTGCAAGCTACT-1,4
AAGAGATGAATCGGTA-1,2
AAGAGCTCTTTATCGG-1,4
AAGAGGATGTACGCGA-1,1
AAGAGGCATGGATCGC-1,2
AAGAGGCCCTTTGGAA-1,3
AAGATGGCACCGGACC-1,8
AAGATTGGCGGAACGT-1,3
AAGCACCCTGCGTATC-1,2
AAGCATACTCTCCTGA-1,2
AAGCCGAAGCGGTTTA-1,8
AAGCCGCCGTGAAATC-1,7
AAGCCGGAGAGCAGGA-1,7
AAGCGCAGGGCTTTGA-1,1
AAGCGTCCCTCATCGA-1,8
AAGCTAGATCGAGTAA-1,2
AAGCTCGTGCCAAGTC-1,2
AAGCTCTTTCATGGTG-1,2
AAGGAGCGGTTGGTGC-1,5
AAGGATCGATCGCTTG-1,8
AAGGATGAGGGACCTC-1,3
AAGGCAGGCTGTCTCC-1,8
AAGGCGCGTAAAGCTT-1,1
AAGGCTGTGCTCATCG-1,5
AAGGGAACGACTGGCT-1,4
AAGGGACAGATTCTGT-1,3
AAGGGACTATGCATTC-1,6
AAGGGTTAGCCATGCG-1,7
AAGGTATCCTAATATA-1,2
AAGGTGATAAACCAGC-1,1
AAGTAGAAGACCGGGT-1,6
AAGTAGTGACGCGAGG-1,5
AAGTCAATTGTCGTCA-1,2
AAGTCTAGTAGCTGCC-1,8
AAGTGACGACCGAATT-1,2
AAGTGAGTCGGGTTTA-1,1
AAGTGCCTTGACTGTA-1,3
AAGTGCGTTAGAATCT-1,2
AAGTGTTTGGAGACGG-1,3
AAGTTCACTCCAAGCT-1,5
AAGTTCAGTCTGCGTA-1,1
AAGTTCGGCCAACAGG-1,8
AAGTTGTGATGTTATA-1,4
AAGTTTATGGGCCCAA-1,8
AATAACAACGCTCGGC-1,1
AATAACACTAGAACAA-1,8
AATAACGTCGCGCCCA-1,7
AATAATCTTCGTATCG-1,3
AATACAATGTTTCAGG-1,2
AATACCTGATGTGAAC-1,2
AATAGAACAGAGTGGC-1,1
AATAGAATCTGTTTCA-1,2
AATAGCTACCGCGTGC-1,6
AATAGTCCGTCCCGAC-1,2
AATATCGAATCAATGC-1,8
AATATCGAGGGTTCTC-1,8
AATATTGGAGTATTGA-1,1
AATCATGTAAAGACTC-1,3
AATCGAGGTCTCAAGG-1,8
AATCGCCTCAGCGCCA-1,2
AATCGCGCAGAGGACT-1,8
AATCGGTATAGCCCTC-1,1
AATCGTGAGCCGAGCA-1,3
AATCTAGGTTTACTTG-1,4
AATCTATGCCGGAGCC-1,5
AATCTGCGTTGGGACG-1,7
AATCTGGCTTTCTAGT-1,4
AATGACAGCAATGTCT-1,8
AATGACGTAGGATGTC-1,1
AATGACTGTCAGCCGG-1,1
AATGATGATACGCTAT-1,2
AATGATGCGACTCCTG-1,8
AATGCAACCGGGTACC-1,2
AATGCACCAAGCAATG-1,2
AATGGTCCACCGTTCA-1,3
AATGGTTCTCACAAGC-1,1
AATGTATGGCACTGTA-1,7
AATGTGCCCGAGGTGT-1,1
AATGTTAAGACCCTGA-1,1
AATGTTGTCGTGAGAC-1,7
AATTAAAGGTCGGCGT-1,1
AATTAACGGATTTCCA-1,3
AATTACGAGACCCATC-1,6
AATTAGCGCTGCAGCG-1,2
AATTATACCCAGCAAG-1,5
AATTCATAAGGGATCT-1,2
AATTCATTGTCATGCA-1,1
AATTCCAAGCATGTAC-1,5
AATTCGATTCGAGGAT-1,3
AATTCTAGAGTTAGGC-1,2
AATTGAACGCTCTGGT-1,5
AATTGCAGCAATCGAC-1,2
AATTGCGTGGATTACA-1,6
AATTGTGGTTGCCAAA-1,7
ACAAACCATGCGTCCT-1,7
ACAAAGCATGACCTAG-1,3
ACAAATCGCACCGAAT-1,5
ACAAATGGTAGTGTTT-1,5
ACAACAGCATGAGCTA-1,4
ACAACGGTCCCTGCGA-1,4
ACAAGCAGTGCCTAGC-1,5
ACAAGGAAATCCGCCC-1,2
ACAAGGACAAGAGGTT-1,5
ACAAGGATGCTTTAGG-1,5
ACAAGGGCAGGCTCTG-1,1
ACAAGTAATTGTAAGG-1,6
ACAATAGTCGTACGTT-1,1
ACAATCCATTTAAACC-1,1
ACAATGAATACGGAGA-1,1
ACAATTGTGTCTCTTT-1,2
ACAATTTGAGCAGTGG-1,4
ACAATTTGGCCATATT-1,1
ACACAAAGACGGGTGG-1,1
ACACACCAGGACCAGT-1,2
ACACACTTTCTACACG-1,7
ACACATGATCAAATCT-1,4
ACACATTTCCGTAGAC-1,5
ACACCACATAATTAGC-1,5
ACACCCAGCATGCAGC-1,1
ACACCCGAGAAATCCG-1,6
ACACCGGTCTGACCGC-1,7
ACACCTTAAGTAGGGC-1,1
ACACCTTACTACTTGC-1,8
ACACGAGACTCCTTCT-1,4
ACACGGGAACTTAGGG-1,4
ACACGTAGGCCACAAG-1,3
ACACTGATCAAGGTGT-1,1
ACACTGGGACAGTCGT-1,2
ACAGAACTGAGAACAA-1,8
ACAGCGACATTCTCAT-1,2
ACAGGCACGGATCCTT-1,5
ACAGGCTTGCCCGACT-1,2
ACAGGTGGAGGTGAGG-1,3
ACAGTAATACAACTTG-1,4
ACAGTATACCGTGGGA-1,8
ACATAAGTCGTGGTGA-1,5
ACATAATAAGGCGGTG-1,6
ACATACAATCAAGCGG-1,5
ACATCAGCTGGGACGC-1,5
ACATCCCGGCCATACG-1,4
ACATCCTGGTAACTGT-1,2
ACATCGATCGTTTACC-1,4
ACATCGCAATATTCGG-1,6
ACATCGGTCAGCCGCG-1,2
ACATCGTATGCAATGG-1,1
ACATGCTTACGGCAGC-1,3
ACATGGCGCCAAAGTA-1,3
ACATTAGTTTATATCC-1,4
ACATTCGCGCGGAATA-1,6
ACATTTGAAACCTAAC-1,5
ACCAACACCACACACT-1,1
ACCAACCGCACTCCAC-1,5
ACCAACGCTTATTTAT-1,1
ACCAAGAACGCGTGTC-1,6
ACCAAGTCATCGGCAG-1,7
ACCAATATGCAAGTTA-1,2
ACCACAAGTTTCTATC-1,1
ACCACACGGTTGATGG-1,5
ACCACCAATGTAACAA-1,1
ACCACCCTCTCTTCTA-1,8
ACCACGTGCAGCTATA-1,2
ACCAGTGCGGGAGACG-1,2
ACCATATCCGCAATAA-1,2
ACCATCCGCCAACTAG-1,4
ACCATCGTATATGGTA-1,8
ACCCAACGCCCGTGGC-1,3
ACCCACCTACATGCTC-1,2
ACCCATCTTGAGGGTA-1,1
ACCCATTTGTCCCTCT-1,3
ACCCGAGCGAAATTAC-1,6
ACCCGGAAACTCCCAG-1,2
ACCCGGAGCACCACAA-1,2
ACCCGGATGACGCATC-1,4
ACCCGGTTACACTTCC-1,1
ACCCGTAGCAGAGAAT-1,3
ACCCGTAGTCTAGTTG-1,7
ACCCGTGTCATCAGTA-1,6
ACCCTATGCCATATCG-1,8
ACCCTCCCGTCAGGGC-1,3
ACCCTCCCTTGCTATT-1,2
ACCCTGGTAACGCCCT-1,1
ACCCTTCATCTGCGAA-1,7
ACCGAAGAGTCTGGTT-1,4
ACCGACACATCTCCCA-1,1
ACCGACTGAGTCCCAC-1,4
ACCGAGTCTCCTTATT-1,8
ACCGATAGGCATAACC-1,7
ACCGATATTTAATCAT-1,8
ACCGATGGTAGCATCG-1,1
ACCGCAATAACTGCCT-1,3
ACCGCGGTGGAAGTCG-1,1
ACCGGGCCTTTGTTGA-1,2
ACCGGTCAGGTACACC-1,6
ACCGTCCACTGGGCCC-1,6
ACCGTGACCACGTGGG-1,2
ACCTAAGTACCTTTCA-1,1
ACCTAATCGACTTCCT-1,5
ACCTACAGTATGTGGT-1,1
ACCTACTATAAATCTA-1,2
ACCTCAGCGAGGCGCA-1,3
ACCTCCGCCCTCGCTG-1,3
ACCTCCGTTATTCACC-1,3
ACCTCGAACTTATGCT-1,7
ACCTGCGTGTCATGTT-1,1
ACGAAATGGGCGGCAC-1,5
ACGACCCATGAGTTGC-1,7
ACGACTCTAGGGCCGA-1,5
ACGACTGGTCATACTC-1,1
ACGAGGATACCACTCT-1,8
ACGAGGTTTACAACGT-1,1
ACGAGTACGGATGCCC-1,3
ACGATACATAGAACTA-1,4
ACGATCATACATAGAG-1,4
ACGATCATCTTGTAAA-1,4
ACGATGCATATGTTAT-1,1
ACGCAAACTAATAGAT-1,1
ACGCAATCACTACAGC-1,5
ACGCATACGTTTACTA-1,3
ACGCATTCGTGAGTAC-1,4
ACGCCACTCGAAACAG-1,5
ACGCCAGATGATTTCT-1,4
ACGCCAGTGCGTTTGC-1,2
ACGCCGCTAGACGACC-1,2
ACGCGAAGTCAGACGA-1,2
ACGCGCTACACAGGGT-1,2
ACGCGGGCCAAGGACA-1,2
ACGCTACTGAATGGGC-1,7
ACGCTAGTGATACACT-1,3
ACGCTGTGAGGCGTAG-1,1
ACGGAACACGAGTGCC-1,2
ACGGACGCAGCGACAA-1,7
ACGGACTCTCAAAGCG-1,2
ACGGAGCGCAAATTAC-1,6
ACGGATGGTGCGGATA-1,2
ACGGCACTTGCTTGGG-1,4
ACGGCCAACATGGACT-1,4
ACGGCGACGATGGGAA-1,2
ACGGCTGGATGTAGAA-1,1
ACGGGAGTGTCGGCCC-1,3
ACGGGCGTATGCGACA-1,3
ACGGGTTGTGACCTGT-1,7
ACGGTACAGTTCAATG-1,5
ACGGTCACCGAGAACA-1,6
ACGTAGATTGCTGATG-1,4
ACGTAGGAGAGTCGCT-1,7
ACGTATTACTCCGATC-1,3
ACGTGCGCCTCGTGCA-1,6
ACGTTAATGTCGAAGA-1,2
ACGTTAGATTTGCCCG-1,1
ACGTTCGCAATCAATT-1,3
ACGTTCGTTCAGGAAA-1,3
ACGTTCTGTACAAGTC-1,3
ACGTTTAGTTGTGATC-1,7
ACGTTTCGGTGCACTT-1,7
ACTACATCCCGACAAG-1,6
ACTACCAGCTCTCTGG-1,1
ACTACCATCCGAGGGC-1,6
ACTACGCGTTAGAATT-1,1
ACTAGTTGCGATCGTC-1,3
ACTATCCAGGGCATGG-1,8
ACTATCTGCCCGCGTA-1,3
ACTATGTCCAGCTGCC-1,4
ACTATTCGTCCGTGGT-1,7
ACTATTTCCGGGCCCA-1,1
ACTCAAGTGCAAGGCT-1,5
ACTCAATAAAGGCACG-1,4
ACTCATGGCAGCCTTC-1,2
ACTCCAATATCATCAT-1,6
ACTCCCATTCCTAAAG-1,8
ACTCCCGAATTCGTTT-1,2
ACTCCCGTAGACTAGG-1,8
ACTCCCTAATGCTAAA-1,2
ACTCCCTAGAATAGTA-1,2
ACTCCGGCCGACCACT-1,5
ACTCGCCGTTCGATAA-1,4
ACTCGCGATCTGACGC-1,1
ACTCGTAACCCGTCCT-1,2
ACTCGTCAGTAATCCC-1,4
ACTCTCTGACTTAGGT-1,2
ACTCTGACCTAATAGA-1,3
ACTCTTGTATAGTAAC-1,4
ACTGAAACGCCGTTAG-1,3
ACTGAATGGCGAAAGT-1,3
ACTGCCCGCCATTCTC-1,6
ACTGCCGTCGTAACTC-1,4
ACTGCGGACACACCGT-1,1
ACTGCTCGGAAGGATG-1,1
ACTGTACGATACACAT-1,4
ACTGTAGCACTTTGGA-1,5
ACTGTCCAGGATTATA-1,1
ACTGTCTTCTTTAGAA-1,4
ACTTACGCATCCACGC-1,2
ACTTATACTTACCCGG-1,8
ACTTATTAGGATCGGT-1,3
ACTTATTTATGTGCCA-1,2
ACTTCAGGCTGATCCC-1,3
ACTTCCATGCGGGACA-1,5
ACTTCGCCATACGCAC-1,4
ACTTGACTCCCTCTTT-1,2
ACTTGCTCTATCTACC-1,6
ACTTGGGACCCGGTGG-1,5
ACTTGGGCTTTCGCCA-1,3
ACTTGTAGTCCCTTCA-1,6
ACTTGTGGATGGAACG-1,1
ACTTGTTACCGGATCA-1,6
ACTTTACCCTCATGAA-1,4
ACTTTATACACCACTT-1,7
ACTTTCCTATAGCTTC-1,4
ACTTTGGTCGTGCTCC-1,6
ACTTTGTCGACGCACT-1,2
AGAAATTATGACTCGC-1,3
AGAACACGGCGATGGT-1,7
AGAACCCAGCGTGACA-1,1
AGAACCCTCAATTGGG-1,1
AGAACGTGGTACATTC-1,3
AGAACTGTACTTTGTA-1,5
AGAAGAGCGCCGTTCC-1,1
AGAAGGTACACTTCAC-1,4
AGAAGGTTGCCGAATT-1,3
AGAAGGTTGTAGGTCG-1,5
AGAAGTGATTCGTGAT-1,8
AGAATACAGGCTATCC-1,6
AGAATTATGGATTCGA-1,2
AGACAGGCATCTCAGC-1,7
AGACCAAACCACACCT-1,1
AGACCATGGGATACAA-1,6
AGACCCACCGCTGATC-1,4
AGACCCGCCCTCCTCG-1,1
AGACCGCTCCGCGGTT-1,3
AGACCGGGAAACCCTG-1,3
AGACGAAGTGCCGGTC-1,1
AGACGACGATGCCGCT-1,1
AGACGCCCACTTCGCC-1,8
AGACTAGCCTTCCAGA-1,5
AGACTGTTACCGGGTC-1,5
AGAGAACCGTCTAGGA-1,3
AGAGAAGGAGTACAAT-1,8
AGAGATCTCTAAAGCG-1,1
AGAGCAGTTATGAGAC-1,2
AGAGCCGCCGAGATTT-1,3
AGAGCGGGCTAATCAT-1,4
AGAGCGTACAAGCTCG-1,4
AGAGGCTTCGGAAACC-1,3
AGAGTAAACTTCACTA-1,8
AGAGTATAGTGTTACG-1,8
AGAGTCTTAATGAAAG-1,7
AGATAACTTCAGGGCC-1,5
AGATAATCACACCTAT-1,7
AGATACCAATAGAACC-1,2
AGATACCGGTGTTCAC-1,2
AGATACTCAAGATCGA-1,1
AGATATAATACGACTA-1,1
AGATCGTGCATAAGAT-1,2
AGATCTCAGGTGTGAT-1,4
AGATCTGGAGAGGATA-1,7
AGATGACTCGCCCACG-1,2
AGATGATGGAGTCTGG-1,4
AGATGCAAGACGTGCA-1,1
AGATTATAGGACGTTT-1,3
AGATTCACAACCGATA-1,4
AGCAAAGGCCGCTAGT-1,2
AGCAACATATCTTATT-1,2
AGCAACCGAAAGTAAT-1,6
AGCACACGTTTAGACT-1,6
AGCACCAGTACTCACG-1,4
AGCACTACCGGCCTGT-1,5
AGCACTACCTCACCAG-1,2
AGCACTTAAGGACGCC-1,5
AGCAGAAGGAGAAAGA-1,1
AGCAGCCAGATGAATA-1,4
AGCAGTCGAAGCATGC-1,1
AGCATATCAATATGCT-1,2
AGCATCATTTCGAAAG-1,4
AGCATCGTCGATAATT-1,1
AGCATTACGAGGCAAG-1,2
AGCCAAGCTTTGTGTC-1,5
AGCCACAGGTTACCCG-1,5
AGCCACTCCCGTGCTT-1,4
AGCCATATAGTATGTG-1,5
AGCCCATACATGTAAG-1,2
AGCCCGCAACAAGCAG-1,6
AGCCCGCACTACAATG-1,4
AGCCCGGCATTAGAGG-1,4
AGCCCGGTAGCCTGTA-1,1
AGCCCTAAGCGAAGTT-1,2
AGCCCTCCCTGGTGGC-1,6
AGCCCTGTCGCACCGT-1,1
AGCCCTTGGACATCCC-1,4
AGCCGTGGCTAAATGT-1,2
AGCCTAATACCCACGT-1,4
AGCGACAGGAACGGTC-1,1
AGCGACATCCCATTCA-1,6
AGCGACCAACGATATT-1,1
AGCGAGACGTGAAGGC-1,6
AGCGATGCGCCTAATA-1,2
AGCGCATAATGAATCG-1,1
AGCGCGGGTGCCAATG-1,2
AGCGCTAGAGCGATGT-1,1
AGCGGACACTTCGTAG-1,1
AGCGGCGGTTAGCGGT-1,4
AGCGGGTCTGACACTC-1,1
AGCGGTTGCCGCTCTG-1,6
AGCGTGGTATTCTACT-1,1
AGCTAACAAGCAATGT-1,6
AGCTAAGTACGCAGGC-1,5
AGCTACGAATGGTGGT-1,2
AGCTAGAAGCAGAAGT-1,2
AGCTATTTAATCCAAC-1,4
AGCTCCATATATGTTC-1,3
AGCTCCTTCGCACATC-1,2
AGCTCTAGACGTTCCA-1,2
AGCTCTTCCCAGTGCA-1,1
AGCTCTTCGTAACCTT-1,2
AGCTCTTTACTCAGTT-1,1
AGCTGAAGTAAACCAA-1,1
AGCTGTAACCTCAATC-1,8
AGCTTCTTCTCGAGCA-1,3
AGCTTGATCAGGGTAG-1,7
AGCTTGATCTTAACTT-1,4
AGGAACGAACGACTTC-1,1
AGGAAGCTGTCCGCCG-1,1
AGGACAGTCGAATCCC-1,3
AGGACATCGCACGTCG-1,1
AGGACATCGGCACACT-1,7
AGGACGACCCATTAGA-1,1
AGGACGCTCGATGTTG-1,2
AGGAGACATCCACAGT-1,8
AGGAGCGTTTATTATC-1,7
AGGAGGCCTTCGCGCG-1,1
AGGATAAAGTCGGGAT-1,4
AGGATATAGGGATTTA-1,2
AGGATATCCGACTGCA-1,5
AGGATCACGCGATCTG-1,2
AGGATTGCTTACGACA-1,3
AGGCACGTGACTGTCC-1,3
AGGCAGATGCGTAAAC-1,7
AGGCAGGGAGCGTACT-1,3
AGGCATTGTCGTAGGG-1,3
AGGCCACATTGGTTAC-1,1
AGGCCACCCGTTATGA-1,5
AGGCCCATTGTACAGG-1,6
AGGCCCTAGAACGCCA-1,8
AGGCCTGAGAATCTCG-1,5
AGGCGATAACTGGCGT-1,8
AGGCGGTTTGTCCCGC-1,1
AGGCTATGGTTAGCTT-1,4
AGGCTTAAGTTGCACA-1,5
AGGCTTCCCGAAGAAG-1,1
AGGCTTGCTAGACACC-1,7
AGGGACCGGCTGCGTT-1,3
AGGGACTCTACGCGAC-1,1
AGGGAGACATACTTCG-1,5
AGGGCCCTAATGTTCT-1,7
AGGGCGAGCAGCTGAT-1,3
AGGGCTGCAGTTACAG-1,4
AGGGTCGATGCGAACT-1,2
AGGGTCTGGACGCAGT-1,8
AGGGTGCTCTCGAGGG-1,3
AGGGTTCCCTTTGGTT-1,4
AGGGTTTAGTTCGGGA-1,4
AGGTAGATCGAGATAT-1,2
AGGTAGGTACAAAGCT-1,1
AGGTATAATTGATAGT-1,2
AGGTATGCGGACATTA-1,5
AGGTCAGGTGAGAGTG-1,2
AGGTCGCCTCCCAACA-1,7
AGGTCGCGGAGTTACT-1,3
AGGTGCACGTCCACAT-1,2
AGGTGGTGACCTTCGC-1,5
AGGTGTATCGCCATGA-1,5
AGGTGTTGCCGACCAC-1,7
AGGTTACACCATGCCG-1,8
AGGTTCTCCTTTCCGG-1,6
AGGTTGAGGCACGCTT-1,4
AGGTTTCACACACCTT-1,2
AGTAACTATAGCAGCC-1,6
AGTAAGGGACAGAATC-1,3
AGTAATCTAAGGGTGG-1,5
AGTAATGTCTTGCCGC-1,6
AGTAATTTGCAAGCGT-1,6
AGTACAGAAGCTTATA-1,8
AGTACATCATTTATCA-1,3
AGTACGGGCACCTGGC-1,4
AGTACTCTTATGCCCA-1,1
AGTAGAAGGCGCCTCA-1,1
AGTATAATACTAGGCA-1,3
AGTATACACAGCGACA-1,1
AGTATGCTGGAGACCA-1,1
AGTATTTGGCACGACC-1,1
AGTCAACACCACCATC-1,1
AGTCAAGATGACACTT-1,2
AGTCACTAGCTCTCGA-1,2
AGTCCATTGGCTGATG-1,8
AGTCCCGCCTTTAATT-1,2
AGTCCCTCGCAGAAAG-1,8
AGTCGAATTAGCGTAA-1,7
AGTCGACGGTCTCAAG-1,3
AGTCGGCCCAAACGAC-1,1
AGTCGGCTCAACTTTA-1,2
AGTCGGTTGCGTGAGA-1,8
AGTCGTATAAAGCAGA-1,5
AGTCGTCGACCACCAA-1,1
AGTCGTGGGCATTACG-1,1
AGTCTAAAGTATACTC-1,1
AGTCTCACAAGACTAC-1,1
AGTCTTCTCCTCAAAT-1,2
AGTCTTTAAAGTGTCC-1,2
AGTGAACAAACTTCTC-1,3
AGTGAAGATGGTGTCC-1,8
AGTGACCTACTTTACG-1,3
AGTGACTGTGACACAA-1,6
AGTGAGACTTCCAGTA-1,4
AGTGAGCCTCGCCGCC-1,3
AGTGAGTCGAATTAAC-1,7
AGTGATAACCTGCGCG-1,5
AGTGATATGAGTAGTT-1,1
AGTGATTCAAGCAGGA-1,4
AGTGCACGCTTAAGAA-1,1
AGTGCGTAGCTCGTAA-1,3
AGTGCTAAACACAGCA-1,3
AGTGCTTGCACGAATA-1,2
AGTGGCCCGCAAATGG-1,5
AGTGGCGGCAATTTGA-1,3
AGTGGCGTCTGAAGGT-1,5
AGTGTATTGCGCATTG-1,6
AGTGTGGTCTATTGTG-1,6
AGTTAAACACTTGCGA-1,1
AGTTAAGCGGTCCCGG-1,6
AGTTAAGTCAACCGCT-1,2
AGTTATTCAGACTGTG-1,4
AGTTCCTACAGAATTA-1,1
AGTTCCTATTTATGTT-1,3
AGTTGACGGTCCTTGC-1,1
AGTTGCGGTCCTCAAC-1,7
AGTTGGCAAGGCTAGA-1,4
AGTTTATGTAAAGACA-1,8
AGTTTCGCAGGTCGGA-1,1
AGTTTGCACCTGCCTC-1,2
AGTTTGGCACGGGTTG-1,2
AGTTTGGCCAGACCTA-1,3
ATAAACGGACCCGTAA-1,2
ATAAACGTTGCACCAC-1,3
ATAAAGGCTCGGTCGT-1,5
ATAAATATTAGCAGCT-1,2
ATAACGCCGGAGGGTC-1,4
ATAACGGAGTCCAACG-1,4
ATAAGGTGGAGAACAT-1,2
ATAAGTAGGATTCAGA-1,3
ATAAGTAGGGCGACTC-1,2
ATAAGTTACCGCGACG-1,1
ATAATAGCTGTTGAAT-1,2
ATAATAGTGTAGGGAC-1,1
ATAATCTTGGAGAACC-1,2
ATAATTAGCTAAGTAG-1,3
ATACAGGCCCTCCAAT-1,2
ATACCACGGGCAACTT-1,1
ATACCCTCCCGGCCAA-1,6
ATACCTAACCAAGAAA-1,2
ATACGAAGGCTTTCCA-1,5
ATACGCCGGCGAAACC-1,2
ATACGGAACGTCGTTT-1,2
ATACGGGTTTCGATTG-1,2
ATACGTACTTAGCCAC-1,2
ATACGTCCACTCCTGT-1,2
ATACGTTATGCACGGA-1,2
ATACTACCCGTACCAC-1,3
ATACTAGCATGACCCT-1,6
ATACTGCCTTACACCG-1,5
ATAGACAACGGGACCT-1,3
ATAGACGAAGAGAAAG-1,5
ATAGAGTACTGGGACA-1,5
ATAGAGTTATCAACTT-1,3
ATAGCAACTAGGGAAG-1,3
ATAGCCATAACAGTCA-1,7
ATAGGCGGCTATAGAA-1,2
ATAGGCTAGCTTCGCA-1,8
ATAGGGATATCCTTGA-1,3
ATAGGTTGGGCAGATG-1,2
ATAGTGAAGCGTTCTC-1,4
ATAGTTCCACCCACTC-1,2
ATATAAAGCGCTCGTG-1,3
ATATAAATGTAGCTGC-1,2
ATATAACACGGGCGCA-1,5
ATATACGCTCGTGACG-1,2
ATATAGAGTATTGGTC-1,6
ATATCAACCTACAGAG-1,4
ATATCGGTAGGGAGAT-1,8
ATATCGTTCCTCGAAC-1,1
ATATCTCCCTCGTTAA-1,1
ATATCTTAGGGCCTTC-1,4
ATATGGGATAGCAACT-1,1
ATATGTCTAGAGCGTG-1,5
ATATGTCTCCCTAGCC-1,2
ATATTCAGTTAAACCT-1,8
ATATTCCACATAGTGA-1,4
ATATTGGAGAGGCCTT-1,8
ATATTTAACCCTCAAG-1,1
ATCAAACACTGTTCCA-1,8
ATCAAACGAAGGTTTG-1,8
ATCAAAGAGCCGTGGT-1,5
ATCAAGATCCCAGGAC-1,5
ATCAATCTGGGCTGCA-1,4
ATCAATGCCGTGGCTG-1,4
ATCACATTAGAATATC-1,1
ATCACGTGCTAATTAA-1,8
ATCACTTCATCCTCGC-1,4
ATCAGACGGCACGCCG-1,8
ATCAGCCTCATGCTGC-1,5
ATCAGCTCGTCCACTA-1,8
ATCAGTAGGCAGGGAT-1,2
ATCATAGCCCTATGTA-1,2
ATCATCCAATATTTGT-1,2
ATCATGGACTACCGAC-1,1
ATCCAACGCAGTCATA-1,1
ATCCAATGGAGGGTCC-1,2
ATCCACATCGACAGAA-1,2
ATCCAGAGCAACAACC-1,2
ATCCAGGATTCGTGAA-1,1
ATCCCATCCACAGCGC-1,4
ATCCCATTTCCGTGGG-1,5
ATCCGGACCAGCCTGA-1,7
ATCCTACCTAAGCTCT-1,1
ATCCTGAATCGCTGCG-1,2
ATCCTGCGTGGAATGG-1,1
ATCCTTCTGAAAGAAC-1,3
ATCGACCCAATACAGA-1,2
ATCGACTCTTTCCGTT-1,4
ATCGCACGCCGGGAGA-1,1
ATCGCCAGTCAACATT-1,3
ATCGCCGTGGTTCATG-1,7
ATCGCTGCGTGCAGCA-1,5
ATCGCTTTACGTCTCA-1,1
ATCGGAGACAGACGGC-1,2
ATCGGCAAGCAGTCCA-1,2
ATCGTGGAAAGTCTGG-1,4
ATCGTTAGCTAGCGGA-1,4
ATCTAATATCCTACGG-1,1
ATCTACCATCTGCTCC-1,5
ATCTAGCTTGTGAGGG-1,1
ATCTCCCACGGAATAT-1,2
ATCTCCCTGCAATCTA-1,4
ATCTCGTGAGCGAAAC-1,1
ATCTGACATGGAAGGA-1,1
ATCTGCACCTCTGCGA-1,3
ATCTGCTGTTATCGCC-1,2
ATCTGGGCTGTTCTTG-1,5
ATCTGGTTAAGACTGT-1,4
ATCTGTAATTGTACCC-1,6
ATCTTAGGGCATTAAT-1,6
ATCTTATCGCACACCC-1,2
ATCTTGACCTGCAACG-1,1
ATCTTGACTTGTCCAA-1,3
ATCTTTCGTATAACCA-1,3
ATGAAGCCAAGGAGCC-1,1
ATGACGCCGGCTCTAA-1,6
ATGACGCGTTCTATCC-1,1
ATGACTATCAGCTGTG-1,1
ATGACTATGCGACATT-1,2
ATGAGGAGTGTTAATC-1,5
ATGAGGGCAGCGGCTA-1,1
ATGATCGGGAATAGAC-1,6
ATGATGCAATGGTACA-1,1
ATGCACGCGCTGTTCA-1,1
ATGCACTACCGCATTG-1,1
ATGCATGATCCAGGAT-1,4
ATGCCATTTGCGACCA-1,2
ATGCCGGTCTTGCATA-1,4
ATGCCGGTTGATGGGA-1,1
ATGCGACAGTCCCATT-1,4
ATGCGAGTCCCACCAC-1,8
ATGCTCAGTGTTGCAT-1,6
ATGCTCTGGCGCGGTA-1,2
ATGCTTAGGAGTTGAT-1,3
ATGGAAATTTAAGGAG-1,3
ATGGAACCTTTGCACA-1,5
ATGGAGCAGGCCGTGA-1,2
ATGGATCCGGCGTCCG-1,2
ATGGATTGACCAAACG-1,2
ATGGCAGCATTACGAT-1,4
ATGGCCCGAAAGGTTA-1,7
ATGGCGGAATAGTCGC-1,1
ATGGGACCTGCTGAAC-1,6
ATGGGCCTCGGCCTCT-1,1
ATGGGTGTATACCTCC-1,4
ATGGTATTGGGAACCG-1,5
ATGGTATTTACTGATT-1,6
ATGGTCGCGTGGTTTC-1,2
ATGTAAGGCTGCTCTT-1,3
ATGTACATGCGGTGAG-1,7
ATGTACGATGACGTCG-1,1
ATGTAGCGCGCGTAGG-1,1
ATGTCATAATAAACGA-1,5
ATGTGAAAGCCTAATG-1,3
ATGTGCATCCGACGCA-1,2
ATGTGGACATCTTGAT-1,2
ATGTTCGTCGACCCAC-1,5
ATGTTGATTAGAGACT-1,5
ATGTTGTAGTCTGTTT-1,1
ATGTTTCGGCCCGGAG-1,1
ATTAAACATGCGGACC-1,2
ATTAATACTACGCGGG-1,4
ATTAATGAACCAGTCG-1,4
ATTAATTCGGTCACTC-1,4
ATTACATGTCAGTCTT-1,3
ATTACCACACTGCCTG-1,1
ATTACGACTCCACAGT-1,8
ATTACGCGCTGGCAGG-1,4
ATTACGGGCTACGGTT-1,7
ATTACTAGCCTCTTGC-1,6
ATTACTTACTGGGCAT-1,2
ATTAGATTCCTCAGCA-1,5
ATTAGATTGATAGCGG-1,6
ATTAGGCGATGCTTTC-1,4
ATTATACTTTGCTCGT-1,7
ATTATAGCTACTTTAC-1,1
ATTATCGGAATGTACG-1,2
ATTATGAGACCCAATT-1,7
ATTATGCCATAGGGAG-1,2
ATTATTATGTCCGTCA-1,1
ATTATTCAGAGTCACT-1,5
ATTCAACCATTTAAGG-1,3
ATTCACTGATGTTGGA-1,2
ATTCAGGACCTATTTC-1,2
ATTCAGTAGCAGGGTC-1,1
ATTCATATACTGTCCA-1,1
ATTCATCGTTGAGGCA-1,5
ATTCCCACATAAACAA-1,1
ATTCCTCCGCCAGTGC-1,5
ATTCGACGCCGGGCCT-1,1
ATTCGCGCCTTGAGAG-1,2
ATTCGTCCCGAGGTTA-1,7
ATTCGTGCTATCTCTT-1,1
ATTCGTGTACCCATTC-1,5
ATTCGTTTATCGTATT-1,7
ATTGAAGATCTTAGTG-1,1
ATTGAATTCCCTGTAG-1,7
ATTGACCGGCGATGAC-1,1
ATTGATCACCACATTT-1,7
ATTGATGAGTCCTAAC-1,2
ATTGCCTATTAGACCG-1,7
ATTGCCTTTATGTTTG-1,5
ATTGCGATCAGTAACT-1,2
ATTGCTGCTCCTCCAT-1,5
ATTGGATTACAGCGTA-1,2
ATTGGTTGTGCATTAC-1,1
ATTGTACAACTCGGCT-1,4
ATTGTCGCAATACCTT-1,1
ATTGTTCAACGATCCG-1,2
ATTTAACTCGTATTAC-1,6
ATTTACAGTTTACTGG-1,5
ATTTACTAAGTCCATT-1,3
ATTTATACTGGTAAAG-1,8
ATTTCATTATTTCGCG-1,7
ATTTCCGGGTTCTGCG-1,1
ATTTGCGCGAGTAGCT-1,1
ATTTGTCTTGGGAGCT-1,2
ATTTGTTCCAGGGCTC-1,3
CAAACCATAAGCGTAT-1,5
CAAACCCTCCGGCGGG-1,2
CAAACGAGTATCGCAG-1,1
CAAACGGTCGCACTTT-1,5
CAAACTCGCGACGCCG-1,8
CAAAGATTATTGGGCC-1,1
CAAAGGTCATCTGAAA-1,2
CAAATCTCTCACAAGG-1,2
CAAATGTCCTTCCGTG-1,8
CAAATTGGATTATGCC-1,1
CAAATTGTCAGCAAGC-1,6
CAACACATCTCCTGCC-1,3
CAACCAGTGGCCTACC-1,7
CAACCTACCGAGCAGT-1,3
CAACCTGAACCTGCCA-1,8
CAACGACCCGTTTACA-1,1
CAACGAGCTTATTATG-1,7
CAACGATCGATCCAAT-1,7
CAACGGTTCTTGATAC-1,6
CAACGTGGTGGAGTCT-1,3
CAACTATATCGAATGC-1,7
CAACTCCTTGATCCCG-1,6
CAACTGCTCATCCGAT-1,1
CAAGAGGGCGGAGTAC-1,1
CAAGATATTATAACGT-1,4
CAAGCAACGTCGGAGT-1,5
CAAGCACCAAATGCCT-1,4
CAAGCGGCACATAATT-1,2
CAAGGATCGCATGTTC-1,2
CAAGGCCAGTGGTGCA-1,2
CAAGGTCCTATAGGCT-1,3
CAAGTAAGTGATAGAC-1,6
CAAGTGTGGTTGCAAA-1,3
CAATAAACCTTGGCCC-1,4
CAATACGAGAGTCTGA-1,3
CAATATTCTTGACCTA-1,8
CAATGACCCTTAATTT-1,3
CAATGAGGTTCGACTA-1,3
CAATGCGAGAAGTATC-1,3
CAATGGATCTCTACCA-1,4
CAATGTGCCAACCCTT-1,8
CAATTAAGGGTGATGA-1,3
CAATTTCGTATAAGGG-1,2
CACAAACCGCAGAACT-1,8
CACAAGCTAAGAAAGG-1,4
CACAATGAGCTGCTAT-1,1
CACACACGCTAACGAG-1,3
CACACAGCTTGCGCTC-1,1
CACACAGGGATAGATT-1,4
CACACGCGCTGTCTTA-1,4
CACAGAGACGAGGACG-1,4
CACAGCACCCACGGCA-1,3
CACAGCTAGGGAGTGA-1,2
CACAGGGCCATATAGT-1,4
CACAGGGCCGTTGTCA-1,3
CACAGTCCCGCTTCGC-1,2
CACAGTTCGCTTCCCA-1,3
CACATATTAGCAGGAT-1,2
CACATCGTGCACGCGC-1,2
CACATCTCACCGACGA-1,2
CACATGATTCAGCAAC-1,4
CACATTCTTTCGATGG-1,1
CACATTTCTTGTCAGA-1,1
CACCAGTCAGCATGCA-1,4
CACCATCGGAGGAGAC-1,1
CACCCAAATCTTATGT-1,4
CACCCACGAGGCAATT-1,7
CACCCGCGTTTGACAC-1,7
CACCCGGTTTGTGACT-1,1
CACCCTAACAAGATCT-1,2
CACCCTTGGTGAGACC-1,4
CACCGATGATGGGTAC-1,7
CACCGCCAGAAGGTTT-1,1
CACCGGGCATCACAAG-1,5
CACCGGTAGAGACATT-1,7
CACCGTATCCCATCCG-1,3
CACCGTTAGGGATCAC-1,1
CACCGTTGCGCGATAT-1,3
CACCTAATAGAGTCGT-1,1
CACCTAATCAGTTTAC-1,3
CACCTCGATGGTGGAC-1,7
CACCTTGCGAAACTCG-1,2
CACCTTGGCGCCTTTG-1,2
CACGAAAGTTAGTCCC-1,5
CACGAGCAAACCAGAC-1,4
CACGCACAGCGCAGCT-1,4
CACGCAGCGAGGCTTT-1,5
CACGCGGAACTGTTGC-1,1
CACGGACGTGGATGGC-1,8
CACGTCAATCAATGGA-1,7
CACGTCGGCAACCTCT-1,8
CACGTTCGTGCTCTAG-1,4
CACGTTTCGTACACAC-1,1
CACTAAAGTTGCCTAT-1,1
CACTACGGGAGCTGCC-1,3
CACTCAAGAGCTATGG-1,2
CACTCCTATGTAAGAT-1,1
CACTCGAGCTGAACAA-1,2
CACTCGGTTAGGAGGA-1,5
CACTCTTCTGCTAGCC-1,3
CACTGACGATTGTGGA-1,5
CACTGTCCAAGTGAGA-1,8
CACTTAATCAGACGGA-1,5
CACTTCGCCACAGGCT-1,6
CAGAACTTAGCCCTCT-1,3
CAGAATAACACACGGA-1,3
CAGAATATTCGTTATC-1,1
CAGACACCGATCGCTG-1,1
CAGACCTGTAAGTGTT-1,7
CAGACGAACCTGATAC-1,1
CAGAGACGGTCACCCA-1,4
CAGAGCATGAGCTTGC-1,4
CAGAGCGATGGATGCT-1,7
CAGAGGCGATGCATGA-1,1
CAGATAATGGGCGGGT-1,4
CAGATACTAACATAGT-1,1
CAGATATGAAGATGAC-1,4
CAGATCATTTAAAGTC-1,1
CAGATCCTGGTTTGAA-1,1
CAGCAGCCCGTTCCTT-1,4
CAGCAGTCCAGACTAT-1,3
CAGCAGTCTGTGCTGC-1,2
CAGCCTCCTGCAGAGG-1,4
CAGCCTCGATAGCGGT-1,7
CAGCGATTCCCTTCAA-1,1
CAGCTCACTGAGACAT-1,2
CAGCTCGACAAGTTAA-1,3
CAGCTGGCGTAACCGT-1,2
CAGCTTAGTAGGTAGC-1,5
CAGGAAGACTTTATAT-1,6
CAGGATATATCGTTGT-1,2
CAGGCAGTCTTACCAG-1,5
CAGGCCAGTACCACCT-1,2
CAGGCCGTTTGGGTGT-1,1
CAGGCGCACGGTGGTC-1,2
CAGGCGCCATGCTAGG-1,2
CAGGGAGATAGGCCAG-1,6
CAGTAACTATTTATTG-1,1
CAGTAAGGGACGTCTC-1,6
CAGTAATCCCTCCCAG-1,6
CAGTACATTCTCTAAA-1,1
CAGTACCAGTTTACGT-1,8
CAGTAGCCCACGCGGT-1,3
CAGTCGAGGATGCAAT-1,8
CAGTCTGTATACTGGG-1,2
CAGTGAATAAATGACT-1,2
CAGTGTCGGCTGGCCC-1,2
CAGTGTTAATCTCTCA-1,6
CAGTTCAAATTGACAC-1,1
CAGTTCCGCGGGTCGA-1,2
CATAACGGACAGTCGT-1,4
CATAAGAAGCTTGGCT-1,2
CATAAGCTCTCCGTCT-1,1
CATACACGGTTCCCAC-1,5
CATACCCGTACCCAGT-1,1
CATACGGCGTCTGGGC-1,4
CATACTATGTAATTGT-1,5
CATACTTAGGCAATAC-1,8
CATAGAGGAGATACTA-1,6
CATAGCCGCCCGGGAT-1,1
CATAGCGTTGCCCACC-1,1
CATAGGGACACTTGTG-1,4
CATAGTACATTGAGAG-1,7
CATAGTAGCATAGTAG-1,8
CATAGTCAAATACATA-1,3
CATAGTCCACAAGAAC-1,3
CATAGTGGGCACGCCT-1,7
CATATACTACTGATAA-1,1
CATATAGGTACAGTCA-1,2
CATATGTCAGGCTACG-1,2
CATCATTACCCTGAGG-1,1
CATCCAATATAGTTTG-1,4
CATCCCGAGATTCATA-1,7
CATCCTCTCAAAGATC-1,3
CATCGGACGGGTTAAT-1,4
CATCTAGTGAAGGGAA-1,2
CATCTATCCCGTGTCT-1,6
CATCTTACACCACCTC-1,2
CATGACTTCGCTGAAT-1,3
CATGAGATGCACTCTC-1,3
CATGATACGGTGAAAC-1,3
CATGATCGCTTTGAGA-1,2
CATGATGCACAATTCT-1,4
CATGATGGAAGTTAGC-1,1
CATGCACATGAGAGGC-1,4
CATGCCAACTCGCAAA-1,4
CATGCGACCAGTTTAA-1,8
CATGCGTTAGACAGAA-1,4
CATGCTGGCTCCAATT-1,6
CATGGATTGTCTTCCG-1,3
CATGGCAGGAAGATCG-1,6
CATGGGTATGCCTTAT-1,2
CATGGGTCGGGTGTGG-1,2
CATGGTAAGTAGCGTT-1,1
CATGGTATTAGTTTGT-1,1
CATGGTCTAGATACCG-1,4
CATGGTTTATTAATCA-1,2
CATGTAAGAGACATTT-1,3
CATGTCTCATTTATGG-1,2
CATGTGGGCTCATCAC-1,5
CATTACATAGATTGTG-1,5
CATTACGCAGGAAGGG-1,3
CATTACGTCGGCCCGT-1,4
CATTATGCTTGTTGTG-1,1
CATTCCCATTCCGTCG-1,5
CATTCGTCGTAGCGGT-1,7
CATTGATGAACACGCC-1,8
CATTGCGAAATGGGCG-1,1
CATTGCGGGTCAATTC-1,5
CATTTAGCGGACCATG-1,2
CATTTGAGTGGTACGT-1,1
CCAAACAGAACCCTCG-1,1
CCAAATAACAAGATTC-1,2
CCAAATCAAAGGGCAA-1,6
CCAACCTTATGTAACT-1,6
CCAACGATGCACTGAT-1,5
CCAACTTGATAGATCC-1,2
CCAAGAAAGTGGGCGA-1,2
CCAAGACTTCTGCGAA-1,6
CCAAGCGTAACTCGTA-1,4
CCAAGGTTGCCCTTTC-1,4
CCAATAGTGCCGTCGA-1,5
CCAATCGGTAGATCGA-1,1
CCAATGTCACAGCAAG-1,1
CCAATTACGGGTCGAG-1,2
CCAATTGAATGTTAAT-1,8
CCACAATGTACGTCTT-1,4
CCACACTGAGATATTA-1,1
CCACAGTACCCATCCT-1,2
CCACATACTGCACCCA-1,2
CCACCAACTTTACTGT-1,1
CCACCCAAGGAAAGTG-1,2
CCACCTGTATGGAATA-1,2
CCACGAATTTAACCTC-1,8
CCACGAGAAGAGAATC-1,2
CCACGGAGCCATAAGA-1,3
CCACGGTGCCCGGTAG-1,2
CCACGTAAATTAGACT-1,5
CCACTATCCGGGTCAC-1,5
CCACTCAGATCCGCAA-1,8
CCACTGGTGGCTGGTT-1,3
CCACTGTTTGGATTAA-1,3
CCACTTTCCTTCTAGG-1,7
CCAGAAACTGATGCGA-1,7
CCAGAAAGCAACTCAT-1,1
CCAGAGACAAAGCCGG-1,4
CCAGATAGTTGAGTGA-1,4
CCAGATGTAAATGGGT-1,8
CCAGCCTGGACCAATA-1,4
CCAGCGGGATCACCAG-1,1
CCAGCTCGAACGCATT-1,3
CCAGCTGATGGTACTT-1,3
CCAGCTTCCGCCCGCA-1,4
CCAGGCGAGATGGTCT-1,6
CCAGGCTGGCGTCTGA-1,2
CCAGGGACGTGGCCTC-1,1
CCAGTAGTCTGATCCA-1,5
CCAGTCTAGACGGCGC-1,2
CCAGTCTTGTCATAGA-1,2
CCAGTGTACAGACCGA-1,4
CCAGTTCGGTAACTCA-1,5
CCATAAACAACCCGAC-1,7
CCATACCTTTACTTGT-1,3
CCATAGGTTGGCGTGG-1,7
CCATATGGAAACTATA-1,2
CCATCGCAGTTAAACT-1,4
CCATCTCACCAGTGAA-1,2
CCATGCCCTAGATTTC-1,3
CCATGCCTGTTTAGTA-1,1
CCATGCTCTGCAGGAA-1,2
CCATGGCCCTTGTACC-1,5
CCATGTTCATCTATAT-1,6
CCATTAGCGATAATCC-1,5
CCATTCCCTGCCCACA-1,5
CCATTGTTTCCTCCAT-1,2
CCATTTCTACCTATTA-1,2
CCCAAACATGCTGCTC-1,4
CCCAACATACGTCGCG-1,3
CCCAAGTCATTACACT-1,3
CCCAATGAGATTTGCA-1,2
CCCAATTTCACAACTT-1,8
CCCAGAGGAGGGCGTA-1,1
CCCAGGAAGAATTCGA-1,5
CCCAGGTCTGAAGGCT-1,3
CCCAGTAAACTTGGGA-1,7
CCCAGTTAAGGCGCCG-1,3
CCCATATAGGTCGATT-1,2
CCCATTATTGTATCCT-1,7
CCCGAAGTTTCGCGAA-1,4
CCCGACCATAGTCCGC-1,2
CCCGAGTTTCTCCGTA-1,3
CCCGCAGCGCGAACTA-1,2
CCCGCCATGCTCCCGT-1,6
CCCGCGCAATGCACCC-1,6
CCCGGCACGTGTCAGG-1,2
CCCGGGTCGTTCAGGG-1,1
CCCGGTGGAAGAACCT-1,1
CCCGGTGTATCGGAAT-1,2
CCCGTAAGTCTAGGCC-1,2
CCCGTAGCTGGGAAGA-1,8
CCCGTCAGCGTCTGAC-1,1
CCCGTGACAGTGCCTT-1,5
CCCGTTTCGCAGATGT-1,5
CCCTACCCACACCCAG-1,5
CCCTACTTGAACAATG-1,3
CCCTATGTAGAGCAGA-1,4
CCCTCAGATCGAGAAC-1,6
CCCTCATCACAGAGTA-1,6
CCCTCCTCGCTCGTAT-1,8
CCCTCGATAATACACA-1,6
CCCTGAAATGAGTTGA-1,5
CCCTGCCCAATCCGCT-1,3
CCCTGCGCTACGCATA-1,5
CCCTGGGAGGGATCCT-1,8
CCCTTTAATGGAGTTC-1,7
CCCTTTGACAGGTCTT-1,4
CCGAAAGTGGTGAGCA-1,1
CCGAACACTGGGCCTC-1,1
CCGAACCTTCCCGGCC-1,2
CCGAAGTATATTGTTC-1,4
CCGACAAAGGGAGTGC-1,5
CCGACAATAGGCCGCC-1,3
CCGACGGGCATGAGGT-1,8
CCGAGAAGTCGCATAA-1,1
CCGAGCTGTGCTTGTC-1,1
CCGATATGACGTAAGG-1,7
CCGATCTCAACCTTAT-1,2
CCGATTCGAGGGACCC-1,1
CCGCACAAAGACCAAC-1,4
CCGCACACGAACGTGT-1,3
CCGCACGTGACCTCGG-1,1
CCGCACTTGCAATGAC-1,4
CCGCATGTGGTACGAT-1,2
CCGCCGGAACTTCTCG-1,4
CCGCCGTTGAGGATAA-1,2
CCGCGGAATGCGTCAC-1,1
CCGCGGGTACGAAGAA-1,5
CCGCGTAGGTAAGGGC-1,1
CCGCTATCAGCACCAG-1,1
CCGCTCCAGGGCGATC-1,3
CCGCTCCGGATAAGCT-1,7
CCGCTCTTCCGAACTA-1,3
CCGCTTACCTCACTCT-1,8
CCGCTTGCTGACATGG-1,5
CCGGAAGTGCAATATG-1,2
CCGGAAGTTATCAGTC-1,3
CCGGAATGGTTTCAGT-1,2
CCGGAGCGTACTTTCT-1,1
CCGGAGGTCTTATGGT-1,6
CCGGCACGACCGTTTC-1,3
CCGGCGCATATTGGAT-1,7
CCGGCGTGAGACTCTG-1,2
CCGGGACCCGCAGAGA-1,6
CCGGGCGGTCTCGTCA-1,4
CCGGGCTAAGAATTTC-1,4
CCGGGCTGCTCCATAC-1,2
CCGGGTTCGAGGTTAC-1,8
CCGGTAATGGCTAGTC-1,8
CCGGTATCTGGCGACT-1,5
CCGGTTTGTAATTGTG-1,8
CCGTAAGTTGGTCCCA-1,4
CCGTAGGAAATCCCTG-1,3
CCGTAGGGTTGTTTAC-1,3
CCGTATCTCGTCGTAG-1,8
CCGTCAACCTCTGGCG-1,4
CCGTGAGGCATTCATG-1,5
CCGTGGAACGATCCAA-1,5
CCGTGTTAAATTCCAT-1,8
CCGTTACGTTAGAACA-1,1
CCGTTCCGAATCTCGG-1,2
CCTAAAGGCTGACGCT-1,1
CCTAAATTAACGGTTC-1,3
CCTAAATTGTATCCTA-1,2
CCTAACCCAAACAAGT-1,3
CCTAACTAAGGCTCTA-1,2
CCTACAGTTGAGGGAG-1,8
CCTACATTCACAGACG-1,8
CCTACTCAACACGATT-1,1
CCTACTGCTTACACTT-1,1
CCTAGGCGTAGCGATC-1,2
CCTAGGTAAAGGTAGC-1,4
CCTAGTTAGTCGCATG-1,6
CCTATAATGAGTGCCC-1,2
CCTATACCGTCCTGTC-1,1
CCTATATCGTGTCACG-1,5
CCTATATTTGTCCTGG-1,5
CCTATCTATATCGGAA-1,4
CCTATGAAGTGGTGCC-1,8
CCTATGGCTCCTAGTG-1,4
CCTATGGGTTACCGTC-1,4
CCTATGGTCAAAGCTG-1,8
CCTATGTCCACTCCAC-1,5
CCTATTATTCCGGCCG-1,6
CCTCACCAATCTTGAC-1,1
CCTCACCTGAGGGAGC-1,3
CCTCACCTTAGCATCG-1,8
CCTCACGTCAGCTAAT-1,7
CCTCCGACAATTCAAG-1,5
CCTCCTAGCTAGAGTC-1,7
CCTCCTGTTGTGTCGT-1,5
CCTCGAAGTGGACGGG-1,4
CCTCGCCAGCAAATTA-1,4
CCTCGCGCGATATAGG-1,2
CCTCGCGCTGTGCGAT-1,4
CCTCGGACCGGGATAG-1,2
CCTCTAATCTGCCAAG-1,4
CCTCTACAAGGATTGG-1,6
CCTCTATCGATTAGCA-1,3
CCTCTCTCCCATCTAG-1,5
CCTCTGGCCTAGACGG-1,7
CCTCTGTACTATTCTA-1,4
CCTGAACGATATATTC-1,2
CCTGAATATTTACATA-1,4
CCTGACCACCGATGGT-1,3
CCTGATTCGCGAAGAA-1,5
CCTGCGTTCTACGCTT-1,5
CCTGCTACAACCATAC-1,2
CCTGCTATTTGAGAAG-1,1
CCTGGAAACGTTCTGC-1,8
CCTGGCTAGACCCGCC-1,5
CCTGGTCGAATGTGGG-1,2
CCTGTAAGACATGATA-1,1
CCTGTACTCACGCCCA-1,8
CCTGTCACCCGGGCTC-1,4
CCTGTCCCTCACGTTA-1,3
CCTGTCGCCCGTAAAT-1,4
CCTGTCGTGTATGAAG-1,1
CCTGTTTGAAGACACG-1,4
CCTTAAGTACGCAATT-1,5
CCTTCAGTTAAAGTGA-1,1
CCTTCCGCAACGCTGC-1,7
CCTTCGTATAGAATCC-1,5
CCTTCTCAGCGTTCCT-1,1
CCTTCTTGATCCAGTG-1,4
CCTTGACCACTTTATT-1,3
CCTTTAAGGGAGCACT-1,1
CCTTTCAATGAAGAAA-1,3
CGAAACGCAATTCATG-1,3
CGAACAGTATGGGCGT-1,3
CGAACCCGCATGCGTC-1,1
CGAACCTCTTTCCTAG-1,4
CGAACGCCCAGTGCCG-1,3
CGAACGGCCGGACAAC-1,2
CGAAGATCAGTTTCAT-1,5
CGAAGCCACAGCATGG-1,3
CGAAGCTATAAATTCA-1,6
CGAAGGGTTTCAGATT-1,7
CGAAGTTGCTCTGTGT-1,5
CGAATCTGCTCGACGC-1,4
CGAATGAAGTCATTGC-1,4
CGAATGACGCATAATG-1,5
CGAATTCCCGGTTCAA-1,7
CGACAATTTGATCTAA-1,2
CGACACGCTCCGACAG-1,2
CGACAGTTCGCGTTAT-1,1
CGACCCTTAACGCCGG-1,4
CGACCGTTGGTATTCG-1,6
CGACGCATCCGTACCT-1,4
CGACTCAGGATGTTAT-1,2
CGACTTGCCGGGAAAT-1,7
CGACTTTGTATAGCCT-1,2
CGAGACCCTAGAGTGT-1,4
CGAGACTACTGCTGCT-1,3
CGAGAGATGTGAACCT-1,4
CGAGAGCTTTCACTAC-1,1
CGAGAGGGTAGCCGCG-1,3
CGAGATTTCGCTCGGG-1,8
CGAGCACTTCAAGTTT-1,4
CGAGCTGGGCTTTAGG-1,7
CGAGGAGCTTCCATAT-1,1
CGAGGATCGGGAACGA-1,3
CGAGGCTAAATATGGC-1,4
CGAGGGACTGCGGTCG-1,2
CGAGGGTATCCAGGTG-1,5
CGAGTACTAAAGAGGA-1,8
CGAGTGAAGGTACCAG-1,1
CGAGTTCTGTCCCACC-1,4
CGAGTTTATCGGACTG-1,2
CGATAATACTCAGGTT-1,8
CGATACCTCGCGGACA-1,1
CGATAGCGATACAGTG-1,7
CGATAGTCGTACTGCA-1,1
CGATCCGACCCAGTGC-1,1
CGATCCTCGCAACATA-1,6
CGATCGAGAAGCACCA-1,5
CGATCTGTTGGAGGAC-1,8
CGATGGACCCTACGCC-1,2
CGATGTTGTTATCTAC-1,4
CGATTAAATATCTCCT-1,4
CGATTCGCCTGGCTGC-1,2
CGATTTGTCATTAATG-1,6
CGCAAACACGAGTTAC-1,1
CGCAATTACTTTCGGT-1,3
CGCAATTAGGGTAATA-1,5
CGCAATTCTACAATAA-1,4
CGCACATGTCCACTAC-1,2
CGCACGTGCGCTATCA-1,2
CGCAGATCTTCACCCG-1,5
CGCAGGCGATCCAAAC-1,2
CGCAGTTCTATCTTTC-1,2
CGCATCCATCAGCCAG-1,5
CGCATGCCGAATGCGT-1,5
CGCATGGTGCGATGCT-1,4
CGCATTAGCTAATAGG-1,1
CGCCAAGAAGCCGAGT-1,1
CGCCACAGGTCGCGAT-1,4
CGCCAGTAGTACCTTG-1,7
CGCCATCCGATTATGA-1,2
CGCCCAGCACGCCTAG-1,1
CGCCCAGCGTTTCACG-1,1
CGCCCGCTTCCGTACA-1,2
CGCCCTAATTGTTCAA-1,6
CGCCCTTGAAGGCTGA-1,2
CGCCGCCCATGCCTGT-1,2
CGCCGTCTACCCATCG-1,5
CGCCGTTCAGCATAGT-1,3
CGCCTCCCTCCTCTAT-1,1
CGCCTGGCCTACGTAA-1,4
CGCCTTTAGCATGCTC-1,2
CGCGAAGTGGCATACT-1,5
CGCGACCGCGACAGAT-1,1
CGCGAGTCTGCCGGGT-1,4
CGCGCAAATGTCCAGA-1,6
CGCGCATGTTTGATTG-1,2
CGCGCCCGACTTAATA-1,7
CGCGGCTCAACTTGAA-1,1
CGCGGGAATTAGGCAG-1,4
CGCGGGAATTCCTTTC-1,5
CGCGGTAAGTCTAGCT-1,3
CGCGGTACGGTATACA-1,7
CGCGGTCACAAACCAA-1,1
CGCGTTCATGAAATAC-1,1
CGCTACGGGACATTTA-1,1
CGCTAGAGACCGCTGC-1,2
CGCTATTCAATGTATG-1,1
CGCTATTCTTAGGCTC-1,2
CGCTCGACATAATGAT-1,2
CGCTCTCCGTAGATTA-1,5
CGCTGGTGACTACCCT-1,2
CGCTGTGACGCCGCAC-1,1
CGCTGTGTGGATGTTG-1,3
CGCTTAGTATTGATAC-1,6
CGCTTATTCCCGGTCG-1,4
CGCTTCGGTCTAAGAC-1,2
CGCTTGGACGGATAGA-1,7
CGCTTTCATACCGGTG-1,6
CGCTTTCCGCCAAGGT-1,1
CGCTTTCTTGCATTCG-1,4
CGGAAAGAATCAAACG-1,3
CGGAACGTAAACATAG-1,1
CGGACCTTTACGTCCC-1,2
CGGAGCAATTTAATCG-1,4
CGGAGCATGGCGATCC-1,4
CGGAGTTTGAGAGACA-1,5
CGGATCCTCAAGGACT-1,1
CGGATGAATGCTGTGA-1,6
CGGCAAACATCGTGCG-1,2
CGGCAATAAGATCGCC-1,3
CGGCAGGGTCGGGTTG-1,3
CGGCCACGCACAAAGT-1,3
CGGCCAGAGCGACCAT-1,6
CGGCCCAACCTGTAGT-1,5
CGGCCCAGGTATATCC-1,2
CGGCGCCATCAATCCC-1,3
CGGCTCTAAAGCTGCA-1,1
CGGGAACGCCCTGCAT-1,7
CGGGAAGTACCGTGGC-1,7
CGGGAATATAGTATAC-1,8
CGGGAATTTATGTAAA-1,1
CGGGAGCTTCAGTGTA-1,2
CGGGATCAATGTAAGA-1,4
CGGGCAGCTAAACCGC-1,1
CGGGCCTTCTTTGTAA-1,2
CGGGCGATGGATCACG-1,3
CGGGTGTACCCATTTA-1,4
CGGGTTTGTTAGGGCT-1,3
CGGTACTAGAATCAAA-1,1
CGGTAGAGGTGCAGGT-1,2
CGGTATGGGCACTCTG-1,5
CGGTCAAGTGGGAACC-1,7
CGGTCAGTCCATATTT-1,8
CGGTCCATGAGACTCC-1,8
CGGTCCGTCGCAAGCC-1,5
CGGTCTATCAACCCGT-1,1
CGGTGAAGACTAAAGT-1,5
CGGTGCAGATAGAACG-1,3
CGGTGCGCGTTGGTCC-1,8
CGGTTATCCAACAGTG-1,3
CGGTTCAAGTAGGTGT-1,3
CGGTTGACCTGGCATA-1,2
CGGTTGAGTATCCTTC-1,1
CGGTTGGGCAGGGTCC-1,8
CGGTTTACTGAACATT-1,7
CGTAAAGCAAGAAATC-1,6
CGTAATATGGCCCTTG-1,7
CGTACCTGATAGGCCT-1,4
CGTAGAGAGTAATTAT-1,5
CGTAGCGAATTGTCAG-1,7
CGTATCTAGAACTAAG-1,7
CGTATTAAGAGATCTA-1,1
CGTCAAATGGTCGCAG-1,8
CGTCAAGGCTATAAAT-1,3
CGTCACGTCCATTGGT-1,1
CGTCCTCATCGCGTGC-1,7
CGTCGCATGTGAGCCA-1,1
CGTCGCTTGGTTATAC-1,4
CGTCGGATAGTGTTGA-1,4
CGTCGGGTCTAAGCGC-1,2
CGTCGTCCTTCGCGAA-1,2
CGTCTGGAAGGGCCCG-1,4
CGTCTTGAGTGTGACG-1,1
CGTGAAGTTAATTCAC-1,4
CGTGACATTGGGTCGT-1,6
CGTGACCAGTCCTCTG-1,5
CGTGCACACCACTGTA-1,5
CGTGCAGACTGGGACA-1,2
CGTGCATTGTCGACGC-1,8
CGTGCCCTCCCGAAGA-1,2
CGTGCTTCTACCTAAA-1,6
CGTGGAAGCCTCGTAC-1,1
CGTGGCCGAATATCTA-1,2
CGTGGTACCCAAAGGC-1,3
CGTGTATGGGAGCTGA-1,1
CGTGTCCCATTCGCGA-1,1
CGTGTCTCGTTACGAC-1,1
CGTGTGTTAAACCCTG-1,5
CGTTAAACTAGTTAGG-1,3
CGTTAAATACGACCAG-1,7
CGTTAATGTCCCGACG-1,5
CGTTCAGACCCGCGAA-1,5
CGTTCATGGTGCGCGT-1,8
CGTTCTTCGCACACCT-1,2
CGTTGAATACCGCGCT-1,2
CGTTGAGCGACCGTCG-1,1
CGTTGCCCGCGTGGGA-1,2
CGTTGTAAGATTGATT-1,5
CGTTGTCGGCAATTGA-1,3
CGTTGTTTCAATTCCC-1,1
CGTTTAAGCGGAGCAC-1,6
CGTTTACAAGGCAGCT-1,8
CGTTTCACTTCGGGCG-1,2
CGTTTCGCTCATTACA-1,5
CGTTTCGGTTATATGC-1,4
CGTTTGGTGTTGTGGG-1,7
CGTTTGTGTAGAGGGT-1,8
CTAAAGAATGCCTACT-1,1
CTAAAGGATGAGATAC-1,5
CTAAAGGGAAATAGGA-1,2
CTAAATCCGGTGTACA-1,2
CTAAATCCTATTCCGG-1,7
CTAACCGCGCGCCCGT-1,1
CTAACGAAACTTGCTG-1,3
CTAACTGATAATCGCC-1,3
CTAACTGGTCCGGTTC-1,1
CTAAGGGAATGATTGG-1,1
CTAATTCGCACGCGCT-1,5
CTAATTCTCAGATATT-1,1
CTAATTTCAACAACAC-1,6
CTACAAGAAATAACCC-1,2
CTACACTCGCAGATGG-1,3
CTACATATCGCGGGAC-1,6
CTACCCTAAGGTCATA-1,2
CTACGACTAGCTATAA-1,2
CTACGATCCTATCCTA-1,4
CTACGCACGGAGTACC-1,3
CTACTATCATAGGTTT-1,3
CTACTATCTTTCAGAG-1,8
CTACTCAAGGTATAGT-1,3
CTACTCTAGGCCCGGC-1,5
CTACTGCCACCTGACC-1,2
CTAGATGTGAGTGTAA-1,4
CTAGATTTACGACGGC-1,2
CTAGCATAGTATAATG-1,4
CTAGCCACAGGCGAGC-1,7
CTAGCCGATGTTATGA-1,1
CTAGCTTAATGGTCCC-1,1
CTAGGCGCCCTATCAG-1,2
CTAGGTCTGAAGGAAT-1,4
CTAGGTTCGGACGTGA-1,2
CTAGTAGAAAGGGATT-1,5
CTAGTATTCGGAATTA-1,7
CTAGTCACGTCTTAAG-1,4
CTAGTGAAGGACAGGA-1,1
CTAGTTACAACCCGGT-1,3
CTAGTTGGGCCCGGTA-1,2
CTATAAGAGCCAATCG-1,8
CTATAAGTAGGGTTTG-1,7
CTATAGGCGTTGATGT-1,2
CTATCACAACGCTGGA-1,5
CTATCGACGAAATACA-1,2
CTATCGCGTAGAGAAC-1,4
CTATCGGGTCTCAACA-1,4
CTATGAACACCTTGCC-1,6
CTATGCCCGAATGCAA-1,3
CTATGGGAAGCGGAAT-1,2
CTATGTCACTAGCCCA-1,2
CTATGTGAGTCACGGC-1,3
CTATTCATGTGTCCCA-1,4
CTATTTGCTTGGAGGA-1,5
CTATTTGGTTACGGAT-1,4
CTCAAACCACTGCCCG-1,6
CTCAACTAACCCGGAT-1,5
CTCACACGCAAGCCTA-1,6
CTCACATTTACTAAAT-1,1
CTCACTGTGATACTTA-1,1
CTCACTTGGCTGGTAA-1,4
CTCAGAGCTAATGTCG-1,5
CTCAGTCACGACAAAT-1,3
CTCATAAATGTGTATA-1,2
CTCATCACTTAGTGAT-1,8
CTCATGGCTCACAATC-1,6
CTCATGGTAATTTGCG-1,4
CTCATTGCTCTAACAA-1,2
CTCATTTGATGGGCGG-1,4
CTCCCAATGAGTCGCG-1,2
CTCCCTCCTTTCGATC-1,2
CTCCCTTGTATCAAGG-1,7
CTCCGCCCACATGAGG-1,8
CTCCGGCCTAATATGC-1,4
CTCCTAGTAATCGTGA-1,6
CTCCTCCAGCTCACAC-1,1
CTCCTGTTCAAGGCAG-1,3
CTCCTTTACGCAAGTC-1,5
CTCGAGGTCGAACAGT-1,1
CTCGATATTTGCGAGC-1,1
CTCGCACCTATATAGT-1,4
CTCGCATTGCATAGCC-1,1
CTCGCCGAATGTAGGG-1,2
CTCGCTAGGTAAGCGA-1,5
CTCGGGATAACACCTA-1,3
CTCGGGTTCTCTGGCC-1,6
CTCGGTACCACTGCTC-1,2
CTCGGTCCGTAGCCTG-1,6
CTCGGTTGTCGGCCCT-1,2
CTCGTCGAGGGCTCAT-1,7
CTCGTCTGTGCCTTCG-1,8
CTCGTGGCACTGAAAG-1,6
CTCGTTTCTAATGTTT-1,1
CTCTAACACCGGCAGC-1,5
CTCTAATGCATTGATC-1,5
CTCTACACTGGCGATT-1,1
CTCTACATCCTGCGTG-1,5
CTCTAGCCCTCGGAAA-1,5
CTCTATTTGGCTGCAG-1,2
CTCTCACAATCGATGA-1,2
CTCTCTAACTGCCTAG-1,6
CTCTGCAGGCATTCTT-1,4
CTCTGGACGCCTGGTG-1,4
CTCTGTCCATGCACCA-1,5
CTCTGTTTGAGGATTC-1,4
CTCTTCTATTGACTGG-1,2
CTCTTCTGGAAGTTAG-1,8
CTCTTGTCCCGCTTGG-1,4
CTGAAAGAGATCCGAC-1,3
CTGAATCCGAGACCTC-1,1
CTGAATTTATTGCCAG-1,1
CTGACATAGAAATAGA-1,2
CTGACTGCGCAGCTCG-1,4
CTGAGAAAGTTCGGCG-1,2
CTGAGAGTAGAAATAC-1,7
CTGAGCGAGACTTATT-1,7
CTGATAGTGTATCTCA-1,5
CTGCAAGCACGTTCCG-1,2
CTGCACAACTACATAT-1,2
CTGCACCTAGTCCACA-1,3
CTGCACCTGGAACCGC-1,6
CTGCACTCCAGTACAG-1,2
CTGCAGAGAATCAGAG-1,3
CTGCAGGGTGACGCTC-1,7
CTGCCAAGGTTGGAAG-1,4
CTGCCATGCATCACAT-1,4
CTGCCTCATATGCAAC-1,5
CTGCCTTTAATACCTT-1,7
CTGCCTTTCTAGTAAA-1,5
CTGCGACCTCGCCGAA-1,8
CTGCGATTTCGAGATT-1,5
CTGCGGGTGAAATGTT-1,5
CTGCGTTACGATATAA-1,6
CTGCTCTCAACACACC-1,7
CTGCTCTGACGGCAAA-1,5
CTGCTGAGGCCACGAA-1,1
CTGCTGTCTAACGAGC-1,2
CTGCTTGGCGATAGCT-1,2
CTGCTTTATGTCCGCG-1,1
CTGGAAATGGATGCTT-1,2
CTGGAAGACACGGTGG-1,3
CTGGACGCAGTCCGGC-1,2
CTGGATTTACACTTGA-1,1
CTGGCATCCGAATGAG-1,3
CTGGCGACATAAGTCC-1,7
CTGGCGATTTACATGT-1,7
CTGGCGCACAGGTCTG-1,8
CTGGCGGGAATAAGTA-1,6
CTGGCTGATTCATCCT-1,2
CTGGCTGGTTGTCAGT-1,4
CTGGGATAAATAATGG-1,2
CTGGGATACGCTACCC-1,1
CTGGGCCTGCTATATC-1,2
CTGGGCTACTGGAGAG-1,2
CTGGGTAGGCAGTTAA-1,3
CTGGGTTGAGTTAAAG-1,4
CTGGTAAAGACTTACA-1,3
CTGGTAAAGTGTGGGC-1,2
CTGGTAACACATAGAA-1,2
CTGGTAACGAGCTCTT-1,3
CTGGTCATTCCAATCC-1,6
CTGGTGAATGGGCCTA-1,4
CTGGTTCGCGAGCTAC-1,1
CTGGTTTCGAGCAAGA-1,4
CTGTACTTCTTAGCAT-1,2
CTGTAGCCATCTCACT-1,1
CTGTATGGTGTAGAAA-1,6
CTGTCAAATGGCTCGG-1,4
CTGTGCAGGGTAGGTC-1,2
CTGTGGTCGGGAGATA-1,1
CTGTTACCCAATCTAG-1,3
CTGTTCACTGCCTGTG-1,2
CTGTTCATCTCACGGG-1,5
CTGTTGTTCAGTCGTA-1,8
CTTAACTTACAGTATA-1,7
CTTAATCGACTTAGTA-1,5
CTTACACGGTATTCCA-1,5
CTTACACTGGGAAATA-1,6
CTTACATAGATTTCTT-1,1
CTTACTGACTCCTCTG-1,7
CTTAGATGTTTCATCC-1,5
CTTAGCCTTCCACATG-1,4
CTTAGGTATAGACCAG-1,7
CTTAGTAGGCCTACAG-1,3
CTTAGTGTAGTAGCAT-1,5
CTTATAGATGGCTGTT-1,7
CTTATGCGCTCAGGGC-1,1
CTTCAACTCCACTTGG-1,2
CTTCACGCCCTGGTAC-1,6
CTTCAGTGGTCGCCTA-1,4
CTTCAGTTGGACAACG-1,5
CTTCATAGCTCAAGAA-1,6
CTTCATCACCAGGGCT-1,5
CTTCATTGTCAGTGGA-1,2
CTTCCGCTCCGTGAAG-1,1
CTTCGATTGCGCAAGC-1,6
CTTCGGCCAATTGTTT-1,3
CTTCGTAGATAGGTGA-1,1
CTTCTATGTTGAAGTA-1,2
CTTCTATTAATGCTAG-1,1
CTTCTTACGTCGTATA-1,6
CTTGAGTTAGGGTAAT-1,3
CTTGATGACCATCCAG-1,5
CTTGCAACCGCCTCCT-1,2
CTTGCCCACCCACGCA-1,3
CTTGCCCAGGCTCTAC-1,1
CTTGGCCAAGCTGGGA-1,1
CTTGTACTTGTTGACT-1,1
CTTGTCAACATTCGAG-1,2
CTTGTGCTCACCGATT-1,2
CTTGTTGCTGAGTCAA-1,2
CTTTAACTTTCAAAGG-1,4
CTTTAATATTGGTCGA-1,2
CTTTACCGAATAGTAG-1,3
CTTTAGGAACACTGTT-1,1
CTTTAGTGCTATTATT-1,2
CTTTATCCGACGCATG-1,6
CTTTCTGTGCGGGCTT-1,2
CTTTGCATCGCTCTTG-1,3
CTTTGCTGTCATGGAT-1,2
CTTTGGCGCTTTATAC-1,5
CTTTGGCTTTAGTAAA-1,5
CTTTGGGATTGTTGCA-1,5
GAAACAGATGACCACC-1,3
GAAACAGCCATGCAGT-1,6
GAAACATAGGAAACAG-1,4
GAAACCATGGTGCGCT-1,5
GAAACCGAATTACCTT-1,1
GAAACCTATACAAATG-1,5
GAAACTCGTGCGATGC-1,5
GAAACTCTAATGAAGG-1,6
GAAAGAACAGCGTTAT-1,4
GAAAGCAGTGCACTTT-1,1
GAAAGCCCTTTGGACC-1,5
GAAAGTGACTAACTGC-1,4
GAAATATCACCATCAG-1,5
GAAATCGCGCGCAACT-1,3
GAAATGGCGGTGTTAG-1,2
GAAATTGTCTCTATAA-1,2
GAACAACTGGGATGAA-1,5
GAACACACATCAACCA-1,1
GAACAGATTACTAAAT-1,2
GAACCCTCTGTGTTCT-1,5
GAACCTTTAACGATCC-1,5
GAACGACCGAATGATA-1,4
GAACGATAAGTTAAAG-1,3
GAACGCGGGTCACACG-1,3
GAACGTCTCATGGTCG-1,4
GAACGTTAGGAAGACG-1,5
GAACGTTTGTATCCAC-1,7
GAACTGTGGAGAGACA-1,8
GAAGAAACGATATTGT-1,6
GAAGCCACTGATTATG-1,1
GAAGCCTGCACATTCC-1,1
GAAGCGTGAGGAATTT-1,2
GAAGCTCGGACCCGTC-1,2
GAAGCTTGCTGACCGC-1,5
GAAGGAGTCGAGTGCG-1,1
GAAGGCTACCATTGTT-1,3
GAAGGGTCATTAAGAC-1,1
GAAGTCAGTTGCACTA-1,4
GAAGTCTCCCTAGCGA-1,1
GAAGTGATTTATCGTG-1,1
GAAGTGCTGGATAGCT-1,2
GAAGTTTCCACTCAAT-1,5
GAATAGACGCGACCCA-1,2
GAATAGCATTTAGGGT-1,1
GAATAGCCCTGCGGTC-1,1
GAATAGTGCTCGATTA-1,2
GAATATTCGGAGTCCC-1,6
GAATCGACATGGTCAC-1,5
GAATCTGAACATTCTC-1,2
GAATGCGAATCGGTTC-1,1
GAATGTGGTCCGGATT-1,1
GAATGTTGGGTAATCT-1,4
GAATTATAGTGAAAGG-1,4
GAATTCACCCGGGTGT-1,1
GAATTTCTCGCTGCAG-1,2
GACAAACATATGCAGG-1,3
GACAACGACCATTGAA-1,4
GACAACGCAGCTTACG-1,2
GACAAGACGCCCGTGC-1,7
GACAAGAGATGAGATT-1,6
GACACAAGGGAAGAAA-1,4
GACACAGCCGGGACTG-1,3
GACACGAGTTAGAGGA-1,6
GACACTGAGTTCAGTG-1,1
GACACTGGAACCCGAT-1,1
GACACTTCCAATTACC-1,5
GACAGAGGTCTTCAGT-1,5
GACAGCCAGACCTGAC-1,1
GACAGGCACACACTAT-1,1
GACAGGTAATCCGTGT-1,7
GACATCCGTCGAACTG-1,1
GACATCGATTTATAAC-1,1
GACATTTCGCCCAGCC-1,7
GACCAAACGTTGACTG-1,3
GACCACACTTCCCTTT-1,8
GACCAGAGCCCTGTAG-1,5
GACCCAATTATGATAC-1,4
GACCGACGTGAAAGCA-1,8
GACCGACTGAAGCGTC-1,5
GACCGATTAAATATGT-1,6
GACCGCGTCTGACGTG-1,3
GACCGTCAGGTCGTGA-1,6
GACCGTGCTGACGGTG-1,2
GACCTTCCACGTCTAC-1,1
GACGACGATCCGCGTT-1,4
GACGAGGCTAATAAAC-1,3
GACGCATACCCGTCGG-1,6
GACGCCGTAAAGGCTA-1,2
GACGCTTGCTTCTAAA-1,3
GACGGGCATCGAATTT-1,7
GACGGGTTGGCCCGTA-1,5
GACGGTCAATAGAAGC-1,8
GACGGTCCTAGGGTGT-1,1
GACGTGTAGGGATTAT-1,5
GACGTTCGTAAATACA-1,1
GACTAAGATCATGCAC-1,1
GACTAAGTAGGCTCAC-1,5
GACTACAAAGCGGTGG-1,2
GACTAGGCCGTTAGGT-1,3
GACTCACCCACGTGAG-1,2
GACTCCCAGAATAAGG-1,5
GACTCCTTCCAATTGA-1,1
GACTCGCGGGAATGAC-1,8
GACTCTAGAGTTCCAA-1,1
GACTGCAAATCGAGCT-1,2
GACTGCACCAGCCCAG-1,1
GACTGCGGCACGTGTA-1,2
GACTTCAACGCATCAA-1,5
GACTTTCGAGCGGTTC-1,3
GAGAAACTGGATCCCA-1,7
GAGAACGGTTCTGACT-1,2
GAGACTGATGGGTAGA-1,1
GAGACTTCGCGACCGA-1,4
GAGAGGCCTATGTGTA-1,7
GAGAGGGCGCGAGGTT-1,1
GAGAGGTGCATTCTGG-1,4
GAGATCGATCTTACTC-1,7
GAGATCTGCTTGGCAT-1,5
GAGATCTGTCACTCCG-1,4
GAGATCTTCCATGACA-1,1
GAGATGACAATCCTTA-1,8
GAGATGGCTTTAATCA-1,8
GAGATGGGAGTCGACA-1,2
GAGCACCTGTGTCCAG-1,2
GAGCACGGCGCCTCTT-1,1
GAGCATCAACAACTTG-1,6
GAGCCAGCTACCTGTG-1,2
GAGCGAGGGAGTACCG-1,6
GAGCGCAAATACTCCG-1,3
GAGCGCGCACGAGTAG-1,3
GAGCGCTGTTAGGTAA-1,4
GAGCTAAGGGCATATC-1,4
GAGCTCAACATGAGCG-1,5
GAGCTGTCGTCTCGGA-1,1
GAGGAATGGAGAGGTT-1,2
GAGGATAAACAGTGCT-1,3
GAGGCCCGACTCCGCA-1,4
GAGGCCTGTTGATACA-1,2
GAGGCTATCAAAGTCG-1,5
GAGGGAGTCAGATCGC-1,3
GAGGGCCATAATATTA-1,8
GAGGGCGCAGCTCTGC-1,3
GAGGGTAGTAACAAAG-1,1
GAGGTACATCCATCTT-1,6
GAGGTACGCGTGTCCC-1,1
GAGGTCCCAAAGATCT-1,1
GAGTAAACCGGAAAGT-1,2
GAGTAAATTAAGAACC-1,7
GAGTAAGGCCACGGGA-1,4
GAGTAGATACTAGTTG-1,1
GAGTATCAAAGTTACA-1,2
GAGTATGCCCGCCTTG-1,1
GAGTATGCGCGTGCAT-1,1
GAGTCAGACCAGAATC-1,1
GAGTCCACCAGGTTTA-1,5
GAGTCCGCTTACCGGA-1,1
GAGTGTCAACCAGAAA-1,5
GAGTGTGCGGTACCCA-1,2
GAGTTGATGGCAATTT-1,8
GAGTTGTCACCAGTCT-1,6
GATAACTCGCACTGTG-1,3
GATACGATGGGAGTCA-1,1
GATAGAACCCGCTAGG-1,1
GATAGATAGTACAGTC-1,5
GATAGGATTAATTACA-1,1
GATAGGTAACGTTGAC-1,2
GATAGGTGTCCCGGGC-1,5
GATAGTGCGAGTAAGT-1,6
GATATGAGACACTAAC-1,2
GATATGCGGTAGCCAA-1,1
GATATGGATTACGCGG-1,4
GATATTGAGATTGGCG-1,2
GATATTTCCTACATGG-1,7
GATCAACATAAAGGGA-1,2
GATCATTCCAAACATT-1,1
GATCCAACCTTTAAAC-1,7
GATCCCTTTATACTGC-1,1
GATCCGAATATAAGTG-1,5
GATCCGGGAATTAACA-1,3
GATCCTAAATCGGGAC-1,8
GATCCTCGACACTGGC-1,8
GATCGACACTATCTGA-1,5
GATCGCGGGCTCTCCA-1,1
GATCGCTACCCGATTT-1,1
GATCGCTATATCTCAG-1,4
GATCGCTGTGGTGCGT-1,4
GATCGGATAGAACCAT-1,6
GATCGGTGGCCATAAC-1,4
GATCGTGACTGATATC-1,3
GATCTAACCGTATTCA-1,6
GATCTCGACGCTGTGG-1,2
GATCTGCTATCTAAGG-1,5
GATCTTGGAGGGCATA-1,1
GATCTTTGCAGGGTAT-1,1
GATGACAAGTAGGGCA-1,8
GATGACGATGATCGCG-1,1
GATGAGGAACCTTCGG-1,8
GATGCCAGCAGAAGGC-1,7
GATGCCTTCTGCGGCA-1,4
GATGCGTCCTGCATTC-1,2
GATGCTACAAGCGCCT-1,6
GATGCTACCTTCGATG-1,3
GATGCTGTATTTCATC-1,2
GATGGCGCACACATTA-1,1
GATGTAACGAACCACC-1,2
GATGTTCAATCCACGA-1,3
GATGTTTGTGCGAGAT-1,6
GATTAACCGAAAGCCC-1,3
GATTACTGAATTTGGG-1,2
GATTATCTTGCATTAT-1,5
GATTCCCTTGTCGCAG-1,4
GATTCCGCGTTTCCGT-1,7
GATTCCTATACGGCGC-1,2
GATTCGACGGTTCACG-1,2
GATTCTGTTAATGAGT-1,5
GATTGCTCCAGTTGCA-1,4
GATTGGGAAAGGTTGT-1,3
GCAAACCCTACATTAT-1,2
GCAAACCTTGGCCATA-1,3
GCAAACGTAAGCGACC-1,6
GCAAACGTCGCCAGGT-1,1
GCAAAGGGCGTTAGCC-1,4
GCAAATATTACGCTTT-1,5
GCAACACACTAGAACT-1,2
GCAACAGCAGTATGCG-1,3
GCAACCACGGCCGCGT-1,4
GCAACGGCTAGTTATG-1,8
GCAAGAATTCCTTGGC-1,8
GCAAGTGCACAGAGAA-1,1
GCAAGTGTAAAGCATG-1,6
GCAATTAGTCGCACCG-1,7
GCACAAACCCTAGATG-1,4
GCACAAACGAGGCGTG-1,1
GCACAACCTCGGGCGT-1,4
GCACACACTGGTAGCC-1,3
GCACACAGCTATTACC-1,3
GCACCTAGGCGAGTCC-1,6
GCACCTTCCCGAAGGT-1,7
GCACGCCGATTCCCGC-1,3
GCACGCCTACTTAGAT-1,8
GCACGTGGTTTACTTA-1,2
GCACTGCCTACCTTTA-1,1
GCAGAAGGTAATCTCC-1,1
GCAGACCCAGCACGTA-1,2
GCAGATCCATAAGACT-1,3
GCAGATTAGGGATATC-1,2
GCAGCACACAGCCCAG-1,1
GCAGCCTATATCACAT-1,3
GCAGCTGTCAACGCAT-1,3
GCAGGAACTTAGATCT-1,4
GCAGGACTATAGAATA-1,1
GCAGGTAGAGTATGGT-1,2
GCAGTGCGGGCGGATG-1,2
GCAGTGTGGCTATAGG-1,1
GCAGTTCGATCCGAGC-1,7
GCATACGAGGTCTTTA-1,1
GCATAGAGCACTCAGG-1,2
GCATCGGCCGTGTAGG-1,5
GCATGACACAAAGGAA-1,7
GCATGAGGGACGCGGC-1,2
GCATGCTAATAACGAT-1,3
GCATTCAAGGCAACGC-1,1
GCATTCGAAATGAACA-1,3
GCATTGTAATTCATAT-1,2
GCATTTCCAAGGCTCC-1,3
GCCAACCATTTCCGGA-1,3
GCCAAGAATACTTCTG-1,6
GCCAATAGGGCATCTC-1,3
GCCACAATTTAAGGAC-1,8
GCCACCTTATTCGCGA-1,7
GCCACTCAGAGCGCGA-1,2
GCCACTCCTTACGGTA-1,8
GCCAGGAGTAACCGAT-1,2
GCCATATTGCACACAG-1,2
GCCATCGAGCTGCGTG-1,1
GCCATCGATGCTGCAT-1,3
GCCATTAGCCTCAAAC-1,4
GCCCAGATGCTGGAGA-1,5
GCCCAGTTGGTATGCC-1,6
GCCCGACTTCTTCCCG-1,2
GCCCGAGAGTCTAAAT-1,1
GCCCGATCTGTGGTCG-1,4
GCCCGATGCCCAGTTC-1,4
GCCCGCGCGTAAACGG-1,3
GCCCGCGCGTTTGACA-1,6
GCCCGTAATACCTTCT-1,7
GCCCGTCAAGCCCAAT-1,7
GCCCTAAGTGCAGGAT-1,8
GCCCTAGCCGTCGCGA-1,4
GCCCTGAGGATGGGCT-1,1
GCCGAAATTCCTACGT-1,5
GCCGACCCACGACTGC-1,6
GCCGATTGGCCAAGCT-1,2
GCCGCACTCCGTTTCA-1,1
GCCGCATTAGTCCGGC-1,5
GCCGCTTGTGAGAAAC-1,1
GCCGGGTTAGGGTCGC-1,2
GCCGTGGAAGAAATGT-1,1
GCCTACGTTCTGTGCA-1,8
GCCTAGCGATCTGACC-1,4
GCCTATAGTGTCAGGG-1,3
GCCTATCAGGTAAGAT-1,7
GCCTATGCTGGGCCTT-1,6
GCCTATTCCGATATAG-1,4
GCCTCAGGTACCGGTC-1,7
GCCTCATCTGGAAATA-1,3
GCCTCCGACAATTCAC-1,3
GCCTCTATACATAGCA-1,2
GCCTGTCCCGGTGCAT-1,5
GCCTTCAGCCCTACCG-1,6
GCCTTTGTCAGTGGAC-1,6
GCGAAACGATCGGGAG-1,3
GCGAAACTTAACTGGA-1,1
GCGAAGAATCTGACGG-1,5
GCGAAGCCATACCCGT-1,4
GCGAATGGACTAGCGA-1,3
GCGACATGTAAACATC-1,8
GCGACCCAACCATCTG-1,3
GCGACGATAGTTGTAC-1,1
GCGACGGTAGTCTCCT-1,5
GCGAGAGGCCATGTAA-1,1
GCGAGAGTTGCGTCCA-1,4
GCGAGCGCATGCTCCC-1,8
GCGAGGCCCGAGCAGA-1,5
GCGAGTTCTGCAAAGA-1,4
GCGATTGTTAACGTTA-1,2
GCGCAAATATATTCAA-1,1
GCGCAAGAGCGCGCTG-1,3
GCGCATCCAGTCAGCA-1,8
GCGCCGTTCCACGATA-1,2
GCGCCTCCCACTCCGA-1,8
GCGCGGTCTAGTAACT-1,3
GCGCGTCATTGGTACA-1,3
GCGCTAATTGAATAGA-1,4
GCGCTATGCCGAGGCA-1,1
GCGCTCGATCACCTGT-1,1
GCGCTGATCCAGACTC-1,2
GCGCTGCTTTGCATTT-1,8
GCGCTTAAATAATTGG-1,1
GCGGACCGCGTTGTGG-1,1
GCGGAGAAACTTCGCA-1,1
GCGGAGAGGGAGAACG-1,1
GCGGATTACTTGTTCT-1,4
GCGGCAAAGTATTGCC-1,6
GCGGCTCTGACGTACC-1,3
GCGGCTTTAGCAAGTT-1,3
GCGGGAACCAGGCCCT-1,6
GCGGGCAGACGGGTGA-1,5
GCGGGCATTACGATGC-1,3
GCGGGCGAGCCTTACC-1,1
GCGGTCTTGCTTTCAC-1,1
GCGGTGAACTGCGCTC-1,2
GCGGTTCCCTATCATG-1,1
GCGTAAATGGCCATAA-1,4
GCGTCCCTAAGACATA-1,3
GCGTCGAAATGTCGGT-1,6
GCGTCGCCAGGGTGAT-1,2
GCGTCGTAACATGGTC-1,1
GCGTCTCTGCATTGGG-1,1
GCGTGGTACTGGGTTA-1,2
GCGTTATATTTGGAAC-1,5
GCGTTCGGAGACCGGG-1,1
GCGTTCTGACTAAGCG-1,8
GCTAAACCTGAGGTGA-1,4
GCTAACTGAAGTCTGA-1,5
GCTAAGCCCAGTATGC-1,1
GCTAAGTAAAGGCGAT-1,6
GCTAAGTAGTTTCTCT-1,4
GCTAATACCGAATGCC-1,1
GCTACAATCGAGGATA-1,3
GCTACAGTACGGACCG-1,1
GCTACGACTTATTGGG-1,2
GCTACTATAGTAGAGT-1,3
GCTACTCGGACGCAGA-1,7
GCTAGACCGTCTACTG-1,2
GCTAGAGTAGAGATGT-1,3
GCTAGCAACGCACCTA-1,5
GCTAGCACCTGGGCCA-1,1
GCTAGCGATAGGTCTT-1,2
GCTAGCTTGAATAGCT-1,1
GCTAGGCACCACGGAG-1,3
GCTAGTAGAGCTTGTA-1,4
GCTAGTTTCATTGAGG-1,1
GCTATAAGGGCCAGGA-1,7
GCTATACGTCTCGGAC-1,2
GCTATCATACTCATGG-1,2
GCTATCGCGGCGCAAC-1,6
GCTCAATCCGTTTATT-1,1
GCTCAATGTAATACCG-1,1
GCTCCATGAGTGCAGA-1,2
GCTCCATGCAAAGCAA-1,6
GCTCCCAGTCGGTCCA-1,1
GCTCCGCTCGCTTCAG-1,1
GCTCCTGACATACTGG-1,8
GCTCGCTCATGTCCAA-1,3
GCTCGGAATTTAAAGC-1,4
GCTCTAAACCCTGACG-1,4
GCTCTATGTTACGTGC-1,1
GCTCTCGGGTACCGAA-1,1
GCTCTTTCCGCTAGTG-1,5
GCTGAACTCTCCAGGG-1,1
GCTGAAGGGTTCTTGG-1,6
GCTGAATCTTCCAATC-1,6
GCTGAGGCGTGAGTAT-1,2
GCTGCACGGTTTCTTA-1,2
GCTGCTAAGTAGTCGA-1,1
GCTGCTACTGCGTAGC-1,2
GCTGCTCTCCGGACAC-1,4
GCTGGCATATTCACCT-1,5
GCTGGCGGCGCATGCT-1,4
GCTGGTTTAGGCCATA-1,6
GCTGTATTACTGGCCC-1,8
GCTGTTGCTACCGAAC-1,3
GCTTAATGTAACTAAC-1,1
GCTTACGTAGTTAGTA-1,3
GCTTATGAAGCAGGAA-1,4
GCTTCCATGTAACCGC-1,6
GCTTCCCGTAAGCTCC-1,5
GCTTCCGTCCCTAGAC-1,4
GCTTCGACGTTCAATC-1,7
GCTTGAGTGACCTCTG-1,4
GCTTGATGATAATCAG-1,6
GCTTGCAGCACAATTG-1,8
GCTTGGATCGATTAGG-1,3
GCTTTACACAACTGGG-1,7
GCTTTATTAAGTTACC-1,5
GCTTTCAGAGGAGGTG-1,2
GGAAACAGAGCTTGGG-1,6
GGAAACCTTGTTGAAT-1,1
GGAAACTAAATGGGCC-1,3
GGAAAGGGAATTGAGC-1,8
GGAAAGTGCCCATGCC-1,1
GGAACCGTGTAAATTG-1,1
GGAACCTTGACTCTGC-1,1
GGAACGGCCTGCAGCC-1,3
GGAACTTTGGCGATTA-1,2
GGAAGGACACCGTATA-1,5
GGAATGCGCTAGCGTG-1,4
GGACAACCATGAAGCC-1,3
GGACACAAGTTTACAC-1,1
GGACACCTCGGTGTTG-1,5
GGACCAACAGGATAAC-1,2
GGACCTCTAGGCCGCC-1,2
GGACGGGCGACCAACC-1,3
GGACTCACAAATTAGG-1,2
GGACTCGAAGCTTTCA-1,7
GGACTCGTGAGTGGTC-1,6
GGACTCTTCCGGTTGA-1,8
GGACTCTTTGACTAAG-1,3
GGAGAAGTCATTGGCA-1,1
GGAGACCAATGTGCTT-1,3
GGAGACCATCTACATA-1,6
GGAGACGACACCTTTG-1,2
GGAGCAACATTTCAAG-1,3
GGAGCACCAAGAACTA-1,4
GGAGCGAGGCCTACTT-1,8
GGAGGCCGAAGTCGTC-1,1
GGAGGGCTTGGTTGGC-1,3
GGAGGGTCAAGTAAGA-1,7
GGAGTGCCGCCCTGGA-1,2
GGAGTTGATTCTGTGT-1,7
GGATCCGGAATATACT-1,4
GGATCTTACTGCCCTT-1,1
GGATCTTGACTCAACC-1,4
GGATGAAGATCGCTGA-1,2
GGATGACGCGAGTTTA-1,1
GGATGCTGGCGTTCCT-1,1
GGATGGCTTGAAGTAT-1,5
GGATGTCCTTACCGCA-1,3
GGATTAATCATGGACC-1,3
GGATTCAGTACGGTGG-1,1
GGATTCCGCTATACCC-1,7
GGATTGAAGTAGCCTC-1,3
GGATTGCTGTGACTCC-1,5
GGATTTCACTTCTATA-1,4
GGCAAAGGCGCCAATA-1,1
GGCAAATTACTTTACT-1,4
GGCAAGCCCATAGTGG-1,1
GGCAAGGCGAAATAGC-1,1
GGCAATAGTCAATGAG-1,4
GGCACGCTGCTACAGT-1,7
GGCACTCAGCCGACCC-1,2
GGCACTCCACTGGGCA-1,5
GGCACTGCGGTGGTTT-1,7
GGCAGCAAACCTATGC-1,3
GGCATACAGGTAGCGG-1,5
GGCATATCGGTTCTGC-1,7
GGCATTCCCTCCCTCG-1,7
GGCATTGAACATCTCA-1,5
GGCCAATTGTATAGAC-1,5
GGCCCAGCTGGTTTGC-1,3
GGCCCGGAGCATGTCT-1,5
GGCCCGTATACCATGC-1,3
GGCCCTCACCCACTTA-1,1
GGCCGAGACTCTGGTG-1,1
GGCCGCAGGAACCGCA-1,7
GGCCGGCGTCTGCTAT-1,3
GGCCGTTTGGGTTTCA-1,1
GGCCTGCTCTGATGTT-1,5
GGCCTGCTTCTCCCGA-1,3
GGCGAAATCTAACTTG-1,3
GGCGAGCGAAACGGCA-1,6
GGCGCACAGTTTACCT-1,3
GGCGCAGGACATCTTC-1,2
GGCGCATGAATTGATG-1,4
GGCGCGGAGATCTTTC-1,5
GGCGCGTTCGAGTTTA-1,1
GGCGCTTCATTCCCTG-1,2
GGCGGAGTAATATTAG-1,5
GGCGGGCTCTAAGAGT-1,4
GGCGGTAGGATCATTG-1,4
GGCGTAGGGAAAGCTG-1,5
GGCGTCCTATCCGCTG-1,5
GGCTAAAGGGCGGGTC-1,2
GGCTACTATACACTCC-1,6
GGCTATTAAGTTGTAT-1,5
GGCTCCTCCACCTGTT-1,8
GGCTCGCGTTGAGGTA-1,3
GGCTCGTGCCACCAGC-1,6
GGCTCTGCTCCAACGC-1,4
GGCTGAAATAGCAAAG-1,3
GGCTGGCAATCCCACG-1,5
GGCTTCTCGTGGGTGG-1,8
GGCTTTCAATAAGGGT-1,1
GGGAAAGAATGCCAAC-1,7
GGGAACGGGAGGTTAG-1,3
GGGAACGGTTTCAGAT-1,1
GGGAAGACGGTCTGTC-1,1
GGGAAGGGCTTTCTCA-1,5
GGGAATGAGCCCTCAC-1,1
GGGACAGAGTTACTCC-1,4
GGGACCCGTATATCTT-1,1
GGGACTGCATAGATAG-1,4
GGGAGAACTCACAGTA-1,4
GGGAGCGACCGTAGTG-1,3
GGGAGGATGCCCGAAA-1,1
GGGAGTTAATGAGGCG-1,4
GGGATATTGATCGCCA-1,6
GGGATCCCAATACAAA-1,6
GGGATGGACCCGCGTC-1,6
GGGATGGTCGTAACCG-1,3
GGGATTTACCGCACCT-1,2
GGGCAACCGCACGTGC-1,4
GGGCAGAGCAATCGTT-1,2
GGGCAGGATTTCTGTG-1,6
GGGCAGTCAACGCCAA-1,3
GGGCATGCATGTCGAG-1,6
GGGCCATTCGTGCTGG-1,6
GGGCCCGTCTTAAACA-1,2
GGGCCCTACGAAAGGG-1,1
GGGCCGGCCGAAGTAC-1,4
GGGCCTAAATGGGCTA-1,6
GGGCGATATGTGTGAA-1,1
GGGCGCAGCGTTACTC-1,5
GGGCGGCAAATGAATT-1,1
GGGCGGGTTCCCTACG-1,8
GGGCGTACATTTATAT-1,8
GGGCGTCACCACGTAA-1,1
GGGCGTCCACTGGCTC-1,7
GGGCGTGGTTTCCCAG-1,1
GGGCGTTTACATTCAT-1,6
GGGCTATGATCGATGG-1,1
GGGCTCATCGAACCCA-1,3
GGGCTGCCTAGGGCGA-1,4
GGGCTGGTTAGTCGCG-1,1
GGGTACTTCATGAACT-1,1
GGGTATGTATGCACTT-1,2
GGGTATTCTAGCAAAC-1,7
GGGTCACCGTGACGGT-1,5
GGGTCAGGAGCTAGAT-1,3
GGGTCCTTGGAAGAAG-1,7
GGGTCGTGGCAAGTGT-1,5
GGGTCTATCGCTTTCC-1,7
GGGTGACACCTTAACT-1,1
GGGTGCATATGAAAGC-1,3
GGGTGTTTCAGCTATG-1,4
GGGTTAACATTTGAGT-1,1
GGGTTTAGGATAGGAT-1,1
GGTAAACTCTGCGCTG-1,4
GGTAACCGGGAGGATA-1,2
GGTACAAACATGCTAT-1,2
GGTACACCAGATTTAT-1,3
GGTACATCTGGGACGA-1,3
GGTACCATTAAGACGG-1,3
GGTACGTTGCGGCCGG-1,7
GGTACTAAGTGCTTTG-1,3
GGTAGAAGACCGCCTG-1,2
GGTAGACCGTTGGGCG-1,7
GGTAGTGCTCGCACCA-1,3
GGTATAGTGACACATA-1,1
GGTATTGCCGAGTTTA-1,1
GGTCAAGACTACTTCG-1,3
GGTCAGTGGGTCCCAC-1,2
GGTCCACGTCTATTTG-1,6
GGTCGGATAAACGGCG-1,3
GGTCGGCCAGGAGCTT-1,4
GGTCGGTCGTCCACAG-1,1
GGTCGTAAGCTCGCAC-1,2
GGTCTCCAAGTAGTGC-1,3
GGTCTCCGTCCAGGTT-1,3
GGTCTCTGAATGGACT-1,1
GGTCTGAGAATCTGGA-1,2
GGTCTTGAGCGCTCTT-1,3
GGTGAAGTACAGGGAT-1,8
GGTGACTGATAGAGAG-1,7
GGTGAGATGCAGATAA-1,6
GGTGATAAGGAGCAGT-1,2
GGTGCATAAATGATTA-1,6
GGTGCGGATAAGTGGC-1,6
GGTGCTGATCACAAAG-1,1
GGTGCTGGTACACATT-1,1
GGTGGACTGCTCTGGC-1,5
GGTGGAGGTTGATACG-1,1
GGTGTAAATCGATTGT-1,1
GGTGTTGGGCGTCTTA-1,2
GGTTACCACCCTCGGG-1,8
GGTTACCCGACACTTT-1,5
GGTTAGCTATATGTCT-1,4
GGTTAGGCTTGGAGAA-1,5
GGTTAGGGATGCTAAT-1,7
GGTTAGTTACGGCGCC-1,1
GGTTCGCATTTGCCGT-1,2
GGTTCTACTCGTCTGA-1,2
GGTTGTGTAGCCTGGC-1,5
GGTTTAATTACCATCG-1,2
GGTTTAATTGAGCAGG-1,5
GGTTTACAATCTCAAT-1,4
GGTTTAGCCTTTCTTG-1,3
GGTTTCAATCGGTCAG-1,7
GGTTTGTGACCTGAGG-1,3
GTAACATCTAAGATAA-1,3
GTAACTACGTAGACCT-1,7
GTAACTGCCCAAGGAG-1,1
GTAAGCGGGCAGTCAG-1,2
GTAAGTAACAGTCTGG-1,2
GTAAGTAGGGTATACC-1,1
GTAAGTCCACACTCTA-1,1
GTAATAAAGGGCTCCC-1,4
GTAATCTGATTCTTCG-1,1
GTACACTTACCTGAAG-1,4
GTACAGAGGCAAGGGT-1,4
GTACGAGATTGCGACA-1,6
GTACGCTTCATTGCAC-1,1
GTACGTTTGCCCGTCA-1,1
GTACTAAGATTTGGAG-1,1
GTACTACGGCCTCGTT-1,5
GTACTCCCTTATCGCT-1,1
GTACTCCTGGGTATGC-1,8
GTACTGGAGTTAGACC-1,4
GTAGAAACGGGTGGAG-1,7
GTAGACACGCCTGACT-1,1
GTAGAGGGAGACAAGT-1,1
GTAGCCAAACATGGGA-1,2
GTAGCGGCTATACACT-1,2
GTAGCTCCGGGAGGCT-1,2
GTAGCTTCCTCTTGTT-1,4
GTAGGTGATCCGTGTA-1,4
GTAGTCGCGGGAATCA-1,3
GTAGTCTACGATATTG-1,1
GTAGTGAGCAACCTCA-1,7
GTAGTTCGAAGGCGAA-1,1
GTAGTTTAAGCACACG-1,6
GTATAGGACTCAGTAG-1,6
GTATCAAACGTTAGCT-1,2
GTATCAAGGTACTTCC-1,8
GTATCAGCTTGGGTTC-1,5
GTATCCTTTGGTAACC-1,8
GTATCTCAGTCTTGAC-1,1
GTATCTCGGGCGCTTT-1,7
GTATCTTTCATAACCA-1,2
GTATGAAATTTCACTC-1,4
GTATGTGGGTCTAGTT-1,1
GTATTAAGGCGTCTAA-1,6
GTATTCTGAGAAACGA-1,8
GTATTTAATGGCATAA-1,3
GTCAAAGAAGTGGTGT-1,6
GTCAACCAGGCCTATA-1,2
GTCAAGCGGACTCGGG-1,2
GTCAATGCTATAATTT-1,8
GTCACTCTCCAAATCT-1,4
GTCAGAATAGTCTATG-1,5
GTCAGTTTGGTAGTCG-1,6
GTCATGCACCTCCGTT-1,6
GTCATGCGCGAGGGCT-1,5
GTCATGGACATGACTA-1,2
GTCATTAGAGCGAACG-1,4
GTCATTGCATTGACCC-1,3
GTCCAATATTTAGCCT-1,3
GTCCACGTCGCATTCG-1,7
GTCCATTACTGCTACG-1,1
GTCCCAACGTAAAGTA-1,4
GTCCCGCGACGTTATG-1,2
GTCCGGACCTGAAATT-1,2
GTCCGGCTGAATTGCG-1,1
GTCCGGGTTCACATTA-1,1
GTCCGTTAGAGGGCCT-1,5
GTCCTACGAATAGTCT-1,2
GTCCTAGGATACCTTA-1,6
GTCGAATTTGGGCGCT-1,6
GTCGATAGGTGACTTT-1,7
GTCGCCGTTGTGTGTT-1,8
GTCGCGTAACCCGTTG-1,2
GTCGGATATCTCAGAC-1,5
GTCGGATGTAGCGCGC-1,4
GTCGGGAAGCAGAAAC-1,2
GTCGGGTGAAGTACCG-1,1
GTCGTACCATCTCGGG-1,1
GTCGTATTGGCGTACA-1,2
GTCGTCTGGTTGGCTA-1,4
GTCGTGTCTGGTCATC-1,1
GTCGTTATTCGCTTAT-1,1
GTCTACTCAATTACAA-1,1
GTCTAGTGAGCCGCTT-1,5
GTCTATCTGAGTTTCT-1,1
GTCTATTGCATGCTCG-1,2
GTCTATTGGTTCCGGT-1,1
GTCTCAAGGCCCGGCT-1,1
GTCTCCCGAGTCCCGT-1,7
GTCTCCGCCTCAATAC-1,5
GTCTCCTGCCAGTATG-1,1
GTCTCGACTAAGTTTG-1,5
GTCTCGATCTGCTTTC-1,7
GTCTGCCGACTCGACG-1,5
GTCTGGGCGGTCGAGA-1,3
GTCTTACCACGCCAAG-1,7
GTCTTGAGGAGCAGTG-1,1
GTCTTGTAGCTATTCA-1,1
GTGAAACGGCGCCACC-1,2
GTGAACTCCCATTCGA-1,3
GTGAAGATTTCAAGTG-1,1
GTGAAGCCGTATAGTC-1,1
GTGACAGCTTCCCACT-1,1
GTGACCGCACACTACG-1,3
GTGACCTAAAGAATAA-1,7
GTGACGAGGGTGACCC-1,3
GTGACGCAGGTTTCAT-1,1
GTGACTTCAGTAGTGC-1,1
GTGAGCGTGCTGCACT-1,5
GTGAGGACACTTAAGG-1,1
GTGAGTCGACTAATAG-1,7
GTGAGTGGTACAACGC-1,4
GTGATCAAGCGTGCAC-1,6
GTGATCACTAACGCCT-1,2
GTGATCATAGATCTGC-1,2
GTGATCCTTGTCATGA-1,5
GTGATTCGCCGCTCAA-1,8
GTGCAACAAATGTGGC-1,6
GTGCACCAGCTTCAAC-1,2
GTGCACGAAAGTGACT-1,4
GTGCAGCGTAGAGTAG-1,2
GTGCCAAACGTTTCGA-1,3
GTGCCATCACACGGTG-1,3
GTGCCCGTTCGGATTC-1,2
GTGCCGCTTCAAAGGT-1,1
GTGCCTGAGACCAAAC-1,5
GTGCGAAATCGAACAC-1,3
GTGCGACAGGGAGTGT-1,4
GTGCGGGTCTCCAAAT-1,6
GTGCGTGTATATGAGC-1,2
GTGCTATCCAGCTGGA-1,5
GTGCTCAAGTACTGTC-1,1
GTGCTGTTAGAACATA-1,8
GTGCTTACATCAGCGC-1,1
GTGGAACCTACATGCG-1,1
GTGGACCAACCCGATT-1,2
GTGGACGCATTTGTCC-1,4
GTGGAGCATGTCGGCC-1,5
GTGGAGCGTTTACCGA-1,4
GTGGAGTCGGCGGTTG-1,8
GTGGCAAACAGCGGCA-1,8
GTGGCCGGTTTCTCGG-1,6
GTGGCGGTCCCAGCGT-1,3
GTGGCTGTTTCTGTTC-1,5
GTGGGAAGACTGAATC-1,2
GTGGGCTTAGACACAC-1,5
GTGGTATAGTCTGCCG-1,8
GTGGTGATGGTTTGTG-1,4
GTGGTGGCCAAGTGAA-1,1
GTGGTTACTTCTTTCG-1,4
GTGGTTTCCGCCTTTC-1,2
GTGTACCTTGGCTACG-1,4
GTGTATATCAGCGGGC-1,2
GTGTCAGTGTACGTGG-1,6
GTGTCGTATAGCGTTC-1,4
GTGTGAATAACTTAGG-1,4
GTGTTACTATGCGTCC-1,1
GTTAAAGTAGGACTGG-1,2
GTTAACATCACTTAAA-1,2
GTTAACTATGTTGTCA-1,1
GTTAAGGGTGCGATGT-1,2
GTTAAGTTAGAGTGGG-1,1
GTTAATAGCGTCATTA-1,7
GTTAATGTCTATCTTA-1,3
GTTACAATTGGTGACG-1,1
GTTACCAAGGCGTACG-1,7
GTTACCTACAACTTGC-1,2
GTTACTTTGGGCCTAG-1,3
GTTAGCCCATGACATC-1,8
GTTAGCCGTAAATCAA-1,3
GTTAGGCTACCCGTTT-1,4
GTTATAATACGGTGAA-1,1
GTTATATCAGGAGCCA-1,1
GTTATATTATCTCCCT-1,1
GTTATCAAGCTATCGA-1,2
GTTATTAACGTGGGAG-1,6
GTTCACAGGAGTCTAG-1,5
GTTCAGTCGCCAAATG-1,5
GTTCATCGTTTGGCTG-1,4
GTTCCAGTCTGACCAT-1,6
GTTCCCGTAAACATAT-1,8
GTTCGACAATTGTATA-1,6
GTTCGCCATAAGTGCC-1,3
GTTCGCTGAGACGTCT-1,1
GTTCGGAGCACTCAAC-1,7
GTTCGGATCGGGAACA-1,1
GTTCGGGCGTACCATT-1,3
GTTCGTCTAAAGAACT-1,2
GTTCGTCTGGGTCCCT-1,8
GTTCTTCCCTCGATGT-1,6
GTTCTTGTAACTCAAT-1,5
GTTGAACCGGTTCCAT-1,8
GTTGAGTCCCGCCGGT-1,4
GTTGCACGGAGTTTCG-1,1
GTTGCAGTCGACAACA-1,7
GTTGCCCTAACGGGTG-1,7
GTTGCGCTAACATTAC-1,1
GTTGCGGACGGTCAGG-1,3
GTTGGACCGCATCAGG-1,3
GTTGGATTGAGAACAC-1,4
GTTGGATTTGCGTTGG-1,1
GTTGGTCATGCTATCC-1,4
GTTGTAGATTTATGAG-1,5
GTTGTTGCAAGATGGC-1,7
GTTTACGTTCCATCTG-1,2
GTTTCAAACGAGTTGT-1,2
GTTTCATATCGTCGCT-1,3
GTTTCCTGGAGGGTGA-1,1
GTTTCTAGAGGCGCGG-1,5
GTTTCTGCAGTCTCCC-1,3
GTTTGACCAAATCCTA-1,1
GTTTGGCCCAAGTTAT-1,2
GTTTGGGCTTGTGAGC-1,2
GTTTGGGTTTCGCCCG-1,5
GTTTGGTAGGGTCAAC-1,4
GTTTGGTGATCGGTGC-1,6
TAAACCCAGGAGGGCA-1,1
TAAAGACAACCCTTTA-1,1
TAAAGCGGTATTTCCA-1,1
TAAAGCGTTAGGAGAA-1,2
TAAAGCTGCAATAGGG-1,6
TAAATCTTTACACCTC-1,8
TAAATGAATCCGTTTC-1,4
TAAATGGGCTACTGAG-1,7
TAAATTGTGGGTAAAG-1,5
TAACAAAGGGAGAAGC-1,1
TAACAATATTTGTTGC-1,2
TAACAGCGTTTGTGCT-1,2
TAACAGGTTCCCTTAG-1,5
TAACATACAATGTGGG-1,3
TAACATACACGCGATC-1,1
TAACCTACCGTCCGAG-1,2
TAACCTAGGGAGTCCA-1,3
TAACGCTTTGAGAGCG-1,2
TAACTATCGAAGGTCC-1,5
TAACTATTACGCCAAA-1,3
TAACTCATCCGCGCGG-1,1
TAACTCCATGGAGGCT-1,1
TAACTGAAATACGCCT-1,6
TAAGAGGGACAGGGAC-1,7
TAAGCAGGCGACACGC-1,5
TAAGCGCGAATCAAAT-1,4
TAAGGCAACATAAGAT-1,2
TAAGGCATAACATCAA-1,1
TAAGGCCCGTCACCCT-1,1
TAAGGCTGAATCCCTC-1,3
TAAGGGCCTGTCCGAT-1,2
TAAGGGCTGGGAGAGG-1,5
TAAGTAACATCTTGAC-1,3
TAAGTCGCCGAGTATC-1,1
TAAGTCGGTGAGCTAG-1,7
TAAGTGAATAGTCTAC-1,4
TAAGTTGCGACGTAGG-1,2
TAATAAACAAGGAGAT-1,6
TAATACACAGTAGTAT-1,4
TAATACTAGAACAGAC-1,3
TAATAGAACAGAGTTA-1,8
TAATAGCTAAATGATG-1,3
TAATAGGTCACCAGAA-1,4
TAATAGTGACGACCAG-1,2
TAATATTGAAATTCGC-1,6
TAATCAACCAAATGGG-1,7
TAATCGATCCGTACGT-1,3
TAATGAAAGACCCTTG-1,6
TAATGTCGGTTCATGG-1,6
TAATTACGTCAGTAGA-1,1
TAATTAGGACATCCGT-1,1
TAATTCCAATGCTTCA-1,7
TAATTGCGCTGATTAC-1,6
TACAACAGCGCATACA-1,4
TACAACGCACAACTCA-1,1
TACAAGGGCTTCTTTA-1,5
TACAAGTCTCGTGCAT-1,5
TACACAGCCGTGGTGC-1,8
TACACCGTCGTTAGTC-1,3
TACACCTCTTCGAATC-1,5
TACAGAAACGGTGGGC-1,5
TACATAGGCATACACC-1,2
TACATCCCTATCCCTG-1,4
TACATGCCGGAATTGT-1,8
TACATTTCTAACGTGC-1,2
TACCAAATAGCCCAGA-1,2
TACCAATAAAGTACCA-1,3
TACCAGAAGTAGGTTC-1,1
TACCATGTATTGATTT-1,2
TACCCTCGGTAACCCT-1,1
TACCGAATAATTGTAA-1,5
TACCGCGGACTTGCAG-1,2
TACCGGCTCACTGCCC-1,2
TACCGGTCGTTTCCAT-1,8
TACCGTAGGTTAACTA-1,1
TACCGTGCCTCGGACC-1,1
TACCTACTCCCAGTAT-1,4
TACCTCACCAATTGTA-1,7
TACCTCACGCTTGTAC-1,6
TACCTCAGTTGTCTGT-1,5
TACCTCCACACCAATG-1,6
TACCTCTTTACCATCC-1,7
TACCTGCTGCACTGTG-1,1
TACCTTAAGATTTCCC-1,1
TACGAACACGACTTCA-1,1
TACGACGCTTGCTGCG-1,1
TACGACTGCCTCTTAG-1,1
TACGAGAACTTCACGT-1,1
TACGATGTTGATCATC-1,1
TACGCAGTTCTTTCCT-1,2
TACGCCATATTCTAAT-1,4
TACGCCGAGGGTACCC-1,1
TACGCCTCCATTCCGA-1,4
TACGCTATAGAAACCT-1,4
TACGCTCGGTATTGGA-1,4
TACGCTGATAGTTGTA-1,7
TACGCTGCACGGTCGT-1,4
TACGCTGCTGTGTTAA-1,7
TACGGAAGCCAAACCA-1,3
TACGGCATGGACGCTA-1,7
TACGGGATGCTAGCAG-1,2
TACGGGTAATAACATA-1,5
TACGTAAAGCGGAGTG-1,3
TACGTACTAGTGCTGA-1,8
TACGTGCACTATGCTG-1,1
TACGTGGGCCCAGGGC-1,3
TACGTTTACCGGCAAT-1,2
TACTACGTGCAATGCG-1,3
TACTATGGTTCCTCAG-1,1
TACTCATTGACGCATC-1,7
TACTCCTCTAGTTGAC-1,6
TACTCGGCACGCCGGG-1,5
TACTCGTTTGAATCAA-1,5
TACTCTCCGAACAAAT-1,4
TACTCTTACTTTACTG-1,3
TACTCTTTCGTCTTCA-1,8
TACTGAACAGATTTAG-1,8
TACTGAGGGAAGAAAG-1,6
TACTGCAATCAATTAC-1,1
TACTGGACAGCTCGGC-1,5
TACTGTTTCTCTGGTA-1,1
TACTTAAACATGTACA-1,7
TACTTGTTAGTAGTCC-1,2
TACTTTACTGAGCCGG-1,3
TACTTTCCGCACGCCA-1,3
TAGAAAGGTGGCGCTA-1,4
TAGAAGAAGGGTTACA-1,7
TAGAATAGCCGATGAA-1,3
TAGACGAAACGCCAAT-1,1
TAGACGCCCGTACCGG-1,2
TAGACTACCTAGCGTT-1,2
TAGACTCAGTTGGCCT-1,7
TAGAGATCATGCAACT-1,2
TAGAGGGAGTTTATCT-1,5
TAGAGGTTCTACTTGT-1,3
TAGAGTCTAAGCGAAC-1,1
TAGAGTGTTCCGGGTA-1,2
TAGATATGGACTGGAA-1,1
TAGATGGTTCCTTACT-1,2
TAGATTCCTGGTTATT-1,5
TAGATTCTCTAGCAAA-1,7
TAGCAACCTGTCACAA-1,2
TAGCAGATACTTAGGG-1,5
TAGCAGTATGACTAAA-1,3
TAGCCATGATTGCCTA-1,7
TAGCCATTTCAAAGTC-1,2
TAGCCGGCGGTCAGCG-1,4
TAGCGTCCCTCGATTG-1,8
TAGCGTCCGGTGTGGT-1,2
TAGCGTTGGGTCTTAC-1,2
TAGCTAAGTCCGGGAG-1,1
TAGCTAGAAGGCATGA-1,1
TAGCTAGTGATGATGG-1,1
TAGCTCACTGTGTTTG-1,7
TAGCTCGCCTGATAAC-1,2
TAGGAGGCTCGAGAAC-1,1
TAGGATCTTAACCGCA-1,8
TAGGCATGTTACGCCA-1,4
TAGGCCTATATAGTCT-1,7
TAGGCGATGAGGTCTC-1,4
TAGGCGGCTGCAAAGA-1,7
TAGGCTAAAGTGGCAC-1,3
TAGGGAGCTTGGGATG-1,2
TAGGGTGTTTCAAGAG-1,2
TAGGTCCAAGTAAGGA-1,5
TAGGTCGCCGGAACTG-1,7
TAGGTGACGATAACCT-1,1
TAGGTGAGCCCTACTC-1,5
TAGGTGCTCGCCTAGC-1,2
TAGGTGTTCCACAGAT-1,1
TAGGTTCGAGTTCGTC-1,2
TAGGTTCTGCTGAGAA-1,5
TAGTACCACAACTTTC-1,4
TAGTACCTTAGTGGTC-1,4
TAGTAGCTTATACCAG-1,3
TAGTAGTTGCCGGACA-1,3
TAGTCCCGGAGACCAC-1,6
TAGTCCGCAGAGAATG-1,2
TAGTCCTGCACTAAGC-1,8
TAGTCGATCACGGGTT-1,2
TAGTCTAACAACGAGA-1,2
TAGTCTGTGACGTTGC-1,5
TAGTCTTTCCGAATTG-1,2
TAGTGACAAGCTCTAC-1,7
TAGTGCCCTCCAGAGT-1,1
TAGTTTATTCTTGCTT-1,6
TATAAATCCACAAGCT-1,8
TATAAGTGAGGATAGC-1,6
TATACACAGACGCCTT-1,2
TATACACGCAAAGTAT-1,6
TATACCGAGTGCCACA-1,1
TATACGCGTCATCACT-1,1
TATAGAGTCGCTTGAA-1,1
TATAGATGGTCGCAGT-1,8
TATAGGGTACTCATGA-1,5
TATAGTTAGGTGTACT-1,4
TATATAGGGCTTTACG-1,3
TATATATCGAGAAATG-1,6
TATATCCCTGGGAGGA-1,2
TATCACCCAACCGACC-1,8
TATCACTTCGAGTAAC-1,6
TATCAGTGGCGTAGTC-1,3
TATCCAATTGGTTATC-1,2
TATCCATATCATGCGA-1,6
TATCCATCTCGGTTAG-1,4
TATCCCTCGATCTGCA-1,3
TATCCGCACCGTCGGG-1,1
TATCCTATCAACTGGT-1,3
TATCCTGCATGGGAAT-1,6
TATCGATCTATGCATA-1,2
TATCGATGATTAAACG-1,1
TATCTACAGAGGTAAT-1,5
TATCTACCACAGCGGG-1,2
TATCTAGCCTAAAGGA-1,5
TATCTGAGCCGATATT-1,6
TATCTTGCAATACAAC-1,2
TATGAAGAATTAAGGT-1,3
TATGAAGACAGGTGCG-1,2
TATGATCCGGCACGCC-1,5
TATGATCTTCTCTTTA-1,1
TATGCTCCCTACTTAC-1,4
TATGGATGTGCTACGC-1,1
TATGGCCCGGCCTCGC-1,5
TATGGGACCGAGCAGG-1,3
TATGGGTACGTATCGT-1,2
TATGGTCTGAGTAACA-1,2
TATGGTTAGTGGGAGA-1,2
TATGTAAAGTGCTTAA-1,3
TATGTAGAAACCCGGC-1,6
TATGTCAAGACCGACT-1,2
TATGTCTCATTGTGCC-1,4
TATTAACACCAAAGCA-1,6
TATTAACCTGACCGCG-1,8
TATTACCATCCTGCTT-1,2
TATTATGTTTGCCTGC-1,4
TATTCAATTCTAATCC-1,4
TATTCCACTCAGCTCG-1,2
TATTCCGAGCTGTTAT-1,3
TATTCCTCCGCCCACT-1,8
TATTCGTGCCAGAATA-1,4
TATTGACATTTCTGCC-1,3
TATTGCCGGGCTTGTA-1,4
TATTTAGTCTAGATCG-1,6
TATTTATACCGAGTAG-1,7
TATTTGATTTGCACAG-1,3
TATTTGTTACCCTTTA-1,1
TCAAACAACCGCGTCG-1,4
TCAAACTTAGATTGTT-1,4
TCAAAGTCACGGCGTC-1,6
TCAAATTATGTTCGAC-1,7
TCAAATTGTTGTGCCG-1,2
TCAAATTTGAGACTCA-1,2
TCAACAAAGATAATTC-1,8
TCAACATAGCGCCCTA-1,8
TCAACATCGACCGAGA-1,1
TCAACCATGTTCGGGC-1,1
TCAACGAGGAGACAAA-1,4
TCAACGCAGGAAATAA-1,8
TCAACGCGACCGGCAG-1,2
TCAACTAACGTATAAC-1,2
TCAACTGCAGAGTCAG-1,5
TCAAGAAATACTAGCT-1,2
TCAAGCGCGGACGGTA-1,3
TCAAGGTTACTACACC-1,2
TCAATACGCCGTCATG-1,1
TCAATATACAGGAGGC-1,7
TCAATCCCGCGCCAAA-1,7
TCAATCCGGGAAGTTT-1,1
TCACAAACCGAGGTAC-1,3
TCACAGCAAACTCGAA-1,1
TCACAGGAGAATAAGA-1,1
TCACAGGGAATCGCAA-1,1
TCACAGGTTATTGGGC-1,5
TCACATCTTATCTGAT-1,2
TCACCCTCTTAAGATT-1,2
TCACCGCTCGGCACTC-1,3
TCACGATGTCCGTGGA-1,1
TCACGCATTGTAGATC-1,5
TCACGGCCCAAGAGAG-1,4
TCACGGTCATCGCACA-1,1
TCACGTGCCCGATTCA-1,4
TCACTATCCCTTCGGT-1,2
TCAGAACCTCCACAGG-1,3
TCAGAACGGCGGTAAT-1,1
TCAGACGCTATAGAAG-1,2
TCAGAGCATGTCAACG-1,7
TCAGAGGACGCGTTAG-1,5
TCAGAGTGTGAGCATG-1,7
TCAGCAAATGCATCTC-1,2
TCAGCAGTAGGCCCTG-1,2
TCAGCCAATCCGTAAA-1,2
TCAGCGCACGCCGTTT-1,5
TCAGGGCGCAAACTCG-1,6
TCAGGGTGTAACGTAA-1,4
TCAGGTTCTTTGAGAA-1,5
TCAGTACTGACCCGCG-1,5
TCAGTAGGGACTATAA-1,1
TCAGTGTATACGTCAT-1,2
TCATAAGTCCAAGAAG-1,7
TCATACTTACAGATCC-1,4
TCATATGAGCTTTGTT-1,2
TCATCCATCTGATCAC-1,7
TCATCCCAGAGGGTGG-1,6
TCATCCTCAGCTGCTT-1,1
TCATCGACGACCGTCG-1,3
TCATCGATGGTCCCAA-1,2
TCATGAAGCGCTGCAT-1,7
TCATGCAGGTTCTCAT-1,1
TCATGGAGGCCTTTGT-1,7
TCATTTAAGTCTCCGA-1,2
TCATTTAGAAGTGTGA-1,3
TCCAACTCAGCTATCT-1,5
TCCAACTTTAAATTCT-1,3
TCCAAGCCTAGACACA-1,2
TCCAATAAAGGCTACC-1,5
TCCACAATGGTTTACG-1,5
TCCACATCGTATATTG-1,1
TCCACCAAGACATAGG-1,1
TCCACCTCTAGCCTTT-1,5
TCCACTTTATCTAGGT-1,4
TCCAGAGCACCGGTTC-1,3
TCCAGATGTACGCCAA-1,5
TCCAGCGCTATAAGCG-1,2
TCCAGGCAGGACGATC-1,5
TCCAGGCGAGTACGGT-1,1
TCCAGGGTATATACGA-1,1
TCCATCAATACTAATC-1,7
TCCCAAACAGACAACG-1,5
TCCCAAAGACGAAGGA-1,4
TCCCAAAGCCCTAAAT-1,1
TCCCAATATCGACGAC-1,3
TCCCACTCTCTTCCGG-1,3
TCCCAGCACACGACAT-1,2
TCCCAGCTTTAGTCTG-1,3
TCCCAGGCTTAGCTAA-1,5
TCCCGCCTATGTGCGT-1,3
TCCCGCGTACTCCTGG-1,4
TCCCGGGTGTGCTGCT-1,5
TCCCGTCAGTCCCGCA-1,4
TCCCGTCGCGTCATAG-1,5
TCCCGTGTGCAATTTG-1,1
TCCCTAGATCAATAGG-1,5
TCCCTCTTCTCAAGGG-1,4
TCCCTGGCGTATTAAC-1,4
TCCCTGGCTCGCTGGA-1,5
TCCCTTAGATTACTCG-1,1
TCCCTTGTCTGAAACT-1,7
TCCGAACGTTGCCGCT-1,1
TCCGAACTTGGCTTAC-1,5
TCCGAATGGTCCTGAG-1,3
TCCGATAATTGCCATA-1,4
TCCGATGACTGAGCTC-1,2
TCCGATGGTGCGACAT-1,1
TCCGATTACATTGCCG-1,5
TCCGCCTGTCTACAAG-1,2
TCCGCGGCAGCATCTG-1,4
TCCGCGGCCCAATGAA-1,1
TCCGCTGTCATCCCGG-1,1
TCCGCTTATCCCATTA-1,2
TCCGGCCTAGCGTACA-1,3
TCCGGCTGTCGGGTCG-1,7
TCCGGGCCACTAACGG-1,3
TCCGGGCTTGACGGGA-1,5
TCCGGTTCGTCCGGTC-1,4
TCCGTTAAGCTAATAT-1,1
TCCGTTTAGCCTTGAA-1,2
TCCTAAAGATTCAGAC-1,8
TCCTAAATTGGGAAGC-1,2
TCCTAACCGTCGGGCA-1,3
TCCTACATCCACGGCC-1,2
TCCTAGCAAAGAAGCT-1,8
TCCTATCATAGGTAAC-1,2
TCCTCCTAAGACATTC-1,2
TCCTCGGGCTGGGCTT-1,1
TCCTCTACGAGATGGC-1,2
TCCTCTCCAGTTGTCC-1,2
TCCTGCAGCCGCCAAT-1,5
TCCTGCGTTGATACTC-1,2
TCCTTACGACGGTCCG-1,3
TCCTTCAGTGGTCGAA-1,7
TCCTTGTCCTTTAATT-1,1
TCCTTTAAATCCGCTT-1,3
TCCTTTCTTACGCTTA-1,4
TCGAAATTTAGGACCA-1,5
TCGAAGAACCGAGCAC-1,4
TCGAATATCCCGCAGG-1,8
TCGACAACTGAACCCG-1,2
TCGACTGACGATGGCT-1,7
TCGAGACCAACACCGT-1,2
TCGAGCCAGGCAGGCC-1,1
TCGAGGGCAACAGACG-1,7
TCGATTTACGAAACGA-1,3
TCGCAAAGATGCATTT-1,1
TCGCACCAGGAGGCAG-1,3
TCGCATAAAGGGCGCA-1,7
TCGCCACCCGGATTAC-1,3
TCGCCGAAGTTGCGTC-1,8
TCGCCGACATATTCGC-1,5
TCGCCGGTCGATCCGT-1,6
TCGCCTCCTTCGGCTC-1,5
TCGCGCGTTTACATGA-1,6
TCGCGTAGCAGTGTCC-1,5
TCGCGTCCAGAAGGTC-1,5
TCGCTAAACCGCTATC-1,1
TCGCTACTGGCTTTGA-1,1
TCGCTCGATATATTCC-1,4
TCGCTCGGCACCAGCG-1,5
TCGCTGCCAATGCTGT-1,8
TCGCTGGGCGGATTGT-1,4
TCGCTTTAAACGTTTG-1,3
TCGGAATGCGCTCTGA-1,5
TCGGACGCCCAGCCCA-1,4
TCGGAGAGTATCGGGA-1,2
TCGGAGTACATGAGTA-1,4
TCGGAGTCCTGGTTGC-1,6
TCGGATCTGGATGACC-1,7
TCGGCAGGGTTAAGGG-1,7
TCGGCGAACCCAAACC-1,8
TCGGCGTACTGCACAA-1,4
TCGGCTTGTATCGACG-1,2
TCGGGAACGTGCCTAG-1,3
TCGGGAGACAGCGTAC-1,2
TCGGGATTCAAACATA-1,1
TCGGGCCGTCGTGGTA-1,1
TCGGTCCCGACAATAG-1,6
TCGTAACTCCCAAGAC-1,7
TCGTAAGACGACATTG-1,4
TCGTACCGACGTCAAG-1,3
TCGTATTACCCATTGC-1,3
TCGTCAAGTACGCGCA-1,1
TCGTCACACTGTTAGC-1,2
TCGTCCGCTGGCGTCT-1,1
TCGTCTTAGGCGTTAA-1,1
TCGTGTACTATGGATG-1,5
TCGTGTATTGGTCACG-1,1
TCGTGTCACGCTGACA-1,4
TCGTGTTCGACCACAA-1,5
TCGTTAGGAGTCCCTA-1,4
TCGTTGCTATCCGGTC-1,1
TCGTTTACGCGACCCT-1,5
TCTAAAGAACAGTCTC-1,1
TCTAACCTAGCCTGCG-1,4
TCTAATACTGCCTCAG-1,1
TCTACCCAATAGAGAG-1,3
TCTACCCGCATCATTT-1,7
TCTACCGTCCACAAGC-1,2
TCTAGCAATCTCCGCC-1,3
TCTAGCATCTTCGATG-1,1
TCTAGCATGCCCAGAA-1,2
TCTAGGTGGCGACGCT-1,3
TCTAGTGATATCGTGG-1,2
TCTAGTTATCAGAAGA-1,1
TCTATAGGTGGGTAAT-1,7
TCTATCCGATTGCACA-1,5
TCTATCGGTCGCAACA-1,2
TCTATGCTATAACGAC-1,8
TCTATTACTAGAGGAT-1,1
TCTCAAATCAATCGGG-1,5
TCTCAGGCTACTCGCT-1,7
TCTCATGAGATAGGGT-1,3
TCTCCAACGTAGGTTA-1,4
TCTCCACAAGTTGAAT-1,5
TCTCCCTGGGCAGCGT-1,2
TCTCGACGTATCGCCG-1,1
TCTCGAGGAGGTTCGC-1,3
TCTCTAATAGCTGGTA-1,1
TCTCTCGCCGCACATA-1,3
TCTCTTACCGCGAACC-1,3
TCTGAACCGGTCGGCT-1,6
TCTGAACTCGTACCCG-1,2
TCTGAAGCACGTGGTC-1,5
TCTGAATTCCGTACAA-1,4
TCTGACGGGCTAACCC-1,8
TCTGAGCAATTGACTG-1,5
TCTGATCGGGTGCTAG-1,5
TCTGATGTATTCTGTC-1,5
TCTGATTGGAAATGGA-1,5
TCTGCATACCTTGCTT-1,3
TCTGCCAGAAACTGCA-1,2
TCTGCGAATCGTTCGC-1,6
TCTGCTTAGAACAAGC-1,3
TCTGGCCGTTCAAGTT-1,5
TCTGGGAACCTTTGAA-1,3
TCTGGGTAGCGCTCAT-1,3
TCTGTGCCATCATAGT-1,4
TCTGTTACCCAGCATA-1,1
TCTTACCGGAACTCGT-1,2
TCTTACGGCATCCGAC-1,4
TCTTACTTATGCCTCT-1,1
TCTTAGAGCTCCAATT-1,2
TCTTAGAGTGAACTCT-1,1
TCTTCCCATGGGCACA-1,2
TCTTCGAATAGACGTT-1,3
TCTTCGATACCAATAA-1,4
TCTTCGCGGTGAGAGG-1,2
TCTTCTATAACCCGCC-1,8
TCTTGATGCGTAGCGA-1,4
TCTTGCTCCCGATACT-1,1
TCTTGGTAACACCAAA-1,4
TCTTGGTCAATGATAC-1,4
TCTTTAAGACTATGAA-1,2
TCTTTAGAGTCTAACA-1,2
TCTTTAGCAGGCGAAC-1,3
TCTTTCATCCGTCCTT-1,7
TCTTTCCTTCGAGATA-1,2
TGAAAGGACCTGACTC-1,4
TGAACCTGAATGTGAG-1,6
TGAATACCGACGCGTA-1,3
TGAATGAGTGTTTCCC-1,1
TGAATGTCAGCCGGCC-1,1
TGACAACGCATGTCGC-1,1
TGACAGAAATCTTGCT-1,7
TGACAGGACAAGTCCA-1,6
TGACATCGAGCGGACC-1,2
TGACATGTAACGTGAC-1,1
TGACCAAATCTTAAAC-1,5
TGACCCACGTTAGACA-1,5
TGACGAATATTTCCCT-1,8
TGACGATGCACTAGAA-1,2
TGACTATAATCCTTTC-1,2
TGACTCCGAATCATAC-1,6
TGACTCTAACTGGTAA-1,7
TGAGAATGCTTTACCG-1,6
TGAGAGATTTACCACG-1,2
TGAGCCATACAGTCTC-1,2
TGAGCGGAAAGTGTTC-1,4
TGAGCTCAACTGTATA-1,8
TGAGCTTTAATGACGC-1,1
TGAGGAGTGCCAGCTT-1,2
TGAGTAAATTAGCGTA-1,1
TGAGTGCCTCTTAAAT-1,8
TGAGTGGTCCGTGACG-1,4
TGAGTGTAACAACGGG-1,1
TGAGTTAAAGACATTC-1,8
TGATACATTTAGCCGT-1,1
TGATAGCGGGATTCTA-1,3
TGATCAGGGAACTGCT-1,4
TGATCCCAGCATTAGT-1,1
TGATCGGTTTGACCCT-1,1
TGATCTATCACACTCT-1,5
TGATCTCCGGCGCCAG-1,1
TGATGGCTGTTTCTGA-1,5
TGATGTCAATTAAGTG-1,3
TGATTCCCGGTTACCT-1,1
TGATTCGTCTATCACT-1,5
TGATTCTGTCGCCGGT-1,1
TGATTTATTAGCTGTG-1,1
TGCAAAGTTCGTCTGT-1,5
TGCAACCCATCTGCGG-1,3
TGCAACTACTGGTTGA-1,5
TGCAAGAATGACGTAA-1,1
TGCAATCTAACACGGT-1,5
TGCAGAACTATATCGT-1,2
TGCAGAGTACCGAGCA-1,1
TGCAGATCGTCCTAGG-1,1
TGCAGCTACGTACTTC-1,1
TGCAGGATCGGCAAAG-1,3
TGCAGTGGTAGGGAAC-1,2
TGCAGTTTCCTCCCAT-1,3
TGCATATGTCTGTCAC-1,4
TGCATGGATCGGATCT-1,4
TGCATGTGGTAATCTA-1,7
TGCCAAAGTCAGACTT-1,1
TGCCAATGGGTACTCT-1,2
TGCCACCTGGCGAAAC-1,4
TGCCAGTACGTGGAGA-1,2
TGCCATTACTAAAGAA-1,2
TGCCCGATAGTTAGAA-1,8
TGCCCGTACCGTTAAA-1,1
TGCCGAAAGCGTATTC-1,5
TGCCGGATGTACGAGC-1,3
TGCCGTGGATCGTCCT-1,2
TGCCGTGGGACCCAAT-1,5
TGCCTAATTGAAGATT-1,3
TGCCTGATCAAACGAT-1,3
TGCCTTGGCCAGGCAA-1,3
TGCGAATATGGGATTT-1,4
TGCGACACCCTAGTGC-1,1
TGCGACGGCCGAACGT-1,2
TGCGAGAATATTACCC-1,8
TGCGCAAAGCATTTGG-1,4
TGCGCCGTTAATAACG-1,1
TGCGCGATTAACGGAG-1,5
TGCGGACTTGACTCCG-1,8
TGCGGAGTAAAGGTGC-1,4
TGCGGTGAAATTTCAT-1,6
TGCGTAAGAACCTGAT-1,8
TGCGTACGGCTAATTG-1,2
TGCGTCATGACTGAGC-1,4
TGCGTTTGTTGACACT-1,1
TGCTAAGTGTCTATTT-1,2
TGCTATGGCAAAGGGA-1,6
TGCTCAAAGGATGCAC-1,6
TGCTCCACAGTTCTTA-1,2
TGCTCGGCGAAACCCA-1,4
TGCTCGGTGGGTCACC-1,1
TGCTCTTGAGAGTTTG-1,1
TGCTGGTTGGACAATT-1,6
TGCTGTTGAAGAACTC-1,4
TGCTTAGAGAGAATGC-1,2
TGCTTCCCAAGCAGTA-1,1
TGGAACCACTGACACA-1,1
TGGAAGAAGGGAACGT-1,3
TGGAAGGATAAAGATG-1,2
TGGAATATCCTTGACC-1,1
TGGAATTAGACGCTTT-1,1
TGGACCAATCTAAGAT-1,1
TGGACGCAATCCAGCC-1,6
TGGACTGTTCGCTCAA-1,2
TGGAGGGAAACACCTC-1,8
TGGAGTGATGCGATGA-1,5
TGGCAAACTAAATTAC-1,3
TGGCAACTCGCGCGCC-1,2
TGGCAAGCACAAGTCG-1,3
TGGCAATGGGACGGCG-1,3
TGGCAGATTACGATCA-1,2
TGGCAGCAGTAATAGT-1,2
TGGCATGAAGTTTGGG-1,1
TGGCCAAACTGAAGTA-1,4
TGGCCAATTTGGTACT-1,4
TGGCCGTATATTGACC-1,5
TGGCGACTGCTCCAAA-1,1
TGGCGATCAAGTTATG-1,4
TGGCTACACTCTACCT-1,3
TGGCTATGTGACATAC-1,1
TGGCTCTTGTCGCGTA-1,1
TGGCTTTGGGTAGACA-1,3
TGGGAAATGCCTTTCC-1,2
TGGGCAATAGTTGGGT-1,1
TGGGCACGTTCTATGG-1,7
TGGGCAGGCCACCGCA-1,3
TGGGCCACAAGAGCGC-1,4
TGGGCCCATACTAATT-1,4
TGGGCGATACAATAAG-1,3
TGGGTAAGGTTCCCGC-1,6
TGGGTGCACAAGCCAT-1,3
TGGGTGTAATAGATTT-1,2
TGGGTGTTAAGTAGAA-1,5
TGGGTTTCGGGCGTAC-1,6
TGGTAGAATATATGGG-1,2
TGGTCCCACGCTACGG-1,2
TGGTCGGGTACAGGGC-1,3
TGGTCTGTTGGGCGTA-1,2
TGGTGATCGTATTTGT-1,2
TGGTTAACTTACATTT-1,1
TGGTTAAGGGCGCTGG-1,5
TGGTTCAACGGGTAAT-1,2
TGGTTCGTAGCAAAGG-1,1
TGGTTTAAACGTGGGT-1,5
TGTAATGACCACAATA-1,5
TGTACCCGACCCTAAT-1,7
TGTACCTACACGAGGG-1,3
TGTACGAACAAATCCG-1,2
TGTACTACTCTCACGG-1,8
TGTACTATCGCTCGTT-1,5
TGTACTTCCGGGCATG-1,7
TGTAGCCAATTCCGTT-1,8
TGTAGCCATCCCATTC-1,7
TGTAGGAGAAATTTCC-1,4
TGTAGTGATCTATAAT-1,1
TGTATAACAGATCCTG-1,4
TGTATGGCGCAGACAG-1,2
TGTCATTTGTTGGGAA-1,1
TGTCCACGGCTCAACT-1,3
TGTCCGTGGCGCCTTT-1,2
TGTCCTAAGTCACCGC-1,5
TGTCGTGGGTATAGGC-1,5
TGTCGTTATCACATAT-1,1
TGTGACTACGCCAGTC-1,2
TGTGACTAGAGTTTGC-1,7
TGTGAGACTAGCCCAA-1,2
TGTGCCGGTGCCGGAA-1,1
TGTGCTTTACGTAAGA-1,5
TGTGGACTATCTACGT-1,7
TGTGGCAAAGCGTATG-1,4
TGTGGCGGGCTTCTGG-1,5
TGTGGCTCCCACCAAC-1,2
TGTGGTAGGGTGCCTT-1,2
TGTGGTTGCTAAAGCT-1,6
TGTGTAGTAGCACGTG-1,7
TGTGTCGCGAGTTGCA-1,6
TGTGTTCGTATCCAAG-1,3
TGTTAACAAAGTGACT-1,7
TGTTATTGTATGTGGC-1,3
TGTTCCGCTTCCATGA-1,5
TGTTCCGGCCTGAGCT-1,1
TGTTCGTATTGCGGTG-1,2
TGTTCTCATACTATAG-1,7
TGTTCTTCCATTGACT-1,5
TGTTGCCGTCGTCCCA-1,2
TGTTGTCAAGAAGTCT-1,4
TGTTTCGGTACTTCTC-1,6
TGTTTCTGAAGCGTGC-1,4
TGTTTGAGATCGTCAG-1,1
TTAAACTCGAATTCAT-1,3
TTAAAGTAAGTCGCCA-1,7
TTAACACCTCGAACAT-1,2
TTAACCAACCCTCCCT-1,2
TTAACCCGAGGCGTGT-1,7
TTAACGAACAAGCAGT-1,1
TTAACTGATCGTTTGG-1,7
TTAACTTCAGGTAGGA-1,3
TTAAGATACCCAGAGA-1,6
TTAAGATAGGATTGAC-1,3
TTAAGCCGACAACTTC-1,6
TTAAGCGCCTGACCCA-1,5
TTAAGGCCCGTACTTT-1,6
TTAAGTATTGTTATCC-1,5
TTAATCAGTACGTCAG-1,4
TTAATGTAGACCAGGT-1,4
TTAATTGCTTTGGGTG-1,1
TTAATTTCAGACGCGG-1,4
TTACAACTACGCATCC-1,1
TTACACGATCTGCGAC-1,2
TTACAGACCTAAATGA-1,8
TTACATCGTGGCCTGG-1,6
TTACATGCCACAACTA-1,1
TTACCATTGATTACCC-1,5
TTACCCATTGCCGGGT-1,2
TTACCCTAACAGTCCT-1,4
TTACCCTAGGGATTGG-1,1
TTACGGATGGTTCGAG-1,8
TTACGTATCTATGACA-1,7
TTACTAAAGGACTTTA-1,2
TTACTATCGGCTTCTC-1,5
TTACTCCGGCCGGGAA-1,2
TTACTCTGGTACGTAC-1,4
TTACTGGGATATTTCA-1,3
TTACTGTCTAGAGCTC-1,1
TTAGAAGAACATGACT-1,2
TTAGAATAAGGGTCGG-1,2
TTAGACACGATCGTTG-1,1
TTAGACGAGTCACCTC-1,1
TTAGAGTATTGTCGAG-1,6
TTAGAGTTTAGAAGGA-1,2
TTAGCAACATGGATGT-1,6
TTAGCGAATAGATAGG-1,5
TTAGCTAATACGATCT-1,3
TTAGCTCTGTAATCCG-1,3
TTAGCTGATTTGCCGT-1,2
TTAGGATGGGAGGGTA-1,1
TTAGGTCATAACCGAC-1,3
TTAGTAAACCTGCTCT-1,5
TTAGTAGGGCGGCGGG-1,5
TTAGTTATTCGTGGCA-1,2
TTAGTTCAAGTGTTCG-1,1
TTATAGGTAATTGTCT-1,2
TTATATACGCTGTCAC-1,3
TTATATTTGGCAATCC-1,2
TTATCCGGGATCTATA-1,3
TTATCCTCAAGGAATA-1,4
TTATCGCCTGCGAAGC-1,2
TTATCTGTATCATAAC-1,6
TTATGAATGAAAGGGA-1,4
TTATGACAAACTGGAT-1,1
TTATGATCTTAACGAA-1,4
TTATGTTTGCGATAGA-1,1
TTATTAGAGCGTGTTC-1,1
TTATTAGGGAAGCATC-1,6
TTATTATCTGGAAGGC-1,4
TTATTTAGGTTCCTTA-1,7
TTCAAAGTCTCTAGCC-1,4
TTCAACGACCCGACCG-1,6
TTCAAGCCGAGCTGAG-1,6
TTCAATACTCTGAATC-1,2
TTCACGAAAGGATCAC-1,2
TTCACGGTCGTCACGT-1,6
TTCACTCGAGCACCTA-1,2
TTCACTTCCTAGAACG-1,6
TTCAGCCCTGGTCCAC-1,2
TTCAGCTGGCGTGCCC-1,2
TTCAGGCGTCAAAGCC-1,1
TTCATGGCGCAACAGG-1,4
TTCCAATCAGAGCTAG-1,2
TTCCAATCTGGCTATC-1,1
TTCCACACAGATTTGA-1,1
TTCCAGACGAGATTTA-1,8
TTCCATCGACAGCGTG-1,2
TTCCCAAAGTACTGAT-1,7
TTCCCGGCGCCAATAG-1,4
TTCCGCAGAGAAATAT-1,2
TTCCGCGTGAGGCGAT-1,1
TTCCGGCCTTGAGGCT-1,1
TTCCGGTATCTGTGTC-1,8
TTCCGGTTACCCACTT-1,2
TTCCTCGAGGGTGTCT-1,1
TTCCTCGGACTAACCA-1,3
TTCCTCTGCCCGAATA-1,5
TTCGACAGAGCCCGTG-1,4
TTCGACGGGAAGGGCG-1,1
TTCGCACTCGCGTGCT-1,1
TTCGCACTGTACGACA-1,1
TTCGCCGCTCGCGCTA-1,7
TTCGCGCGCCATACGA-1,3
TTCGCTAGGAAGTTGT-1,8
TTCGCTATCTGACGTG-1,2
TTCGGACTGGGCATGG-1,6
TTCGGCAACCCGCTGA-1,6
TTCGGGACTAATCGCG-1,4
TTCGGGCGCTAGTCTT-1,1
TTCGGGTTGCCACGGG-1,2
TTCGGTACTGTAGAGG-1,1
TTCGGTGGAGACGCCC-1,2
TTCGTACTCCAGAACG-1,5
TTCGTGCATGTTATAG-1,5
TTCGTTCAACGAAGTT-1,5
TTCTAACCGAAGCTTA-1,4
TTCTACCTCAATCGGT-1,6
TTCTACTTGCGAGGGC-1,4
TTCTAGAAAGTCTTAT-1,3
TTCTAGGCCAATTGTG-1,1
TTCTATGCCTTTCGCA-1,8
TTCTATTAAACGCAGC-1,3
TTCTCAATTGCTACAA-1,4
TTCTCTTACAGGTGAT-1,5
TTCTGACCGGGCTCAA-1,1
TTCTGCCGCGCCTAGA-1,2
TTCTGCGAGCGCCCTT-1,5
TTCTGCGGGTTAGCGG-1,3
TTCTGCTAGACTCCAA-1,3
TTCTTAGTGGCTCAGA-1,4
TTCTTATCCGCTGGGT-1,3
TTCTTGAGCCGCGCTA-1,3
TTCTTGCTAGCATCTC-1,8
TTCTTGGACGATCTGC-1,1
TTCTTGGAGTAATGAG-1,4
TTCTTGTAACCTAATG-1,6
TTCTTTGGTCGCGACG-1,5
TTGAAACCCTCATTCC-1,7
TTGAACGACGTGCTGA-1,5
TTGAAGAATTCCCAGG-1,5
TTGAAGGATGGGCGCC-1,7
TTGAAGTGCATCTACA-1,7
TTGAATATGGACTTTC-1,4
TTGAATCGTTGTATAA-1,6
TTGAATTCACGTGAGG-1,3
TTGACAGGAGCTCCCG-1,2
TTGACATGAACGTGGA-1,2
TTGACCAGGAACAACT-1,5
TTGACCATGTTCTCCG-1,4
TTGACCGTGTTAATGA-1,1
TTGACGCTCCATGAGC-1,8
TTGACTACCATATGGT-1,8
TTGACTATTGTCCGGC-1,3
TTGAGAAGTTTAGCAT-1,3
TTGAGAGTACTGCTAA-1,8
TTGAGCAGCCCACGGT-1,2
TTGAGCGCCACGTGAT-1,1
TTGAGTCCCGCTGCTG-1,1
TTGATAGTCAATACAT-1,5
TTGATCTAACTTTGTC-1,5
TTGATGTGTAGTCCCG-1,2
TTGATTAGCTGTTTCT-1,3
TTGATTATGCAGATGA-1,1
TTGCAAGAAGACTCCT-1,1
TTGCACAATTCAGAAA-1,2
TTGCACGGAGCAGCAC-1,6
TTGCATGCTGATCACG-1,2
TTGCCAAGCAGAACCC-1,3
TTGCCATAGCCCGCTC-1,2
TTGCCCTGATCACGGG-1,1
TTGCCGCAGACCTACA-1,1
TTGCCGCTTTCTAGTA-1,1
TTGCCTAATCCAAAGT-1,7
TTGCCTTCTCGCCGGG-1,2
TTGCGCACAACCACGT-1,2
TTGCGCTTGATCAATA-1,3
TTGCGGCATCAGAAAG-1,1
TTGCGTAGTTTGAGGA-1,1
TTGCGTCGGCCAACCG-1,1
TTGCGTGTGTAGGCAT-1,8
TTGCTCATAGTACGTG-1,7
TTGCTCCCATACCGGA-1,7
TTGCTGAAGGAACCAC-1,6
TTGCTGATCATGTTCG-1,2
TTGCTGCACCTATCCA-1,4
TTGGAAGAATACAGTC-1,2
TTGGACATGTGGCTTA-1,4
TTGGACCATCTGGCAA-1,3
TTGGACCTATAACAGT-1,1
TTGGATATCGTCTACG-1,1
TTGGATTGGGTACCAC-1,6
TTGGCCAAATTGTATC-1,5
TTGGCCTAGAATTTCG-1,6
TTGGCGATCCGAATAT-1,5
TTGGCTCAATATGTGT-1,4
TTGGCTCGCATGAGAC-1,5
TTGGGAAGACGAGCCG-1,1
TTGGGACACTGCCCGC-1,4
TTGGGACGTAAGAGTT-1,1
TTGGGCGGCGGTTGCC-1,4
TTGGTATGGCTTGTGT-1,5
TTGGTCACACTCGTAA-1,1
TTGGTTCGCTCAAAGG-1,3
TTGGTTGCGGTGCGCG-1,4
TTGTAAGGACCTAAGT-1,8
TTGTAAGGCCAGTTGG-1,4
TTGTAATCCGTACTCG-1,1
TTGTATCACACAGAAT-1,6
TTGTCGTTCAGTTACC-1,4
TTGTGAACCTAATCCG-1,1
TTGTGAGGCATGACGC-1,2
TTGTGATCTGTTCAGT-1,4
TTGTGCAGCCACGTCA-1,2
TTGTGGAGACAGCCGG-1,7
TTGTGGCCCTGACAGT-1,6
TTGTGGTAGGAGGGAT-1,4
TTGTGGTGGTACTAAG-1,5
TTGTGTATGCCACCAA-1,4
TTGTGTTTCCCGAAAG-1,4
TTGTTAGCAAATTCGA-1,1
TTGTTCAGTGTGCTAC-1,4
TTGTTGTGTGTCAAGA-1,4
TTGTTTCACATCCAGG-1,8
TTGTTTCATTAGTCTA-1,1
TTGTTTCCATACAACT-1,2
